Date,Open,High,Low,Close,Volume
10110900,42.14,42.15,42.12,42.12,5235
10110905,42.12,42.13,42.11,42.12,7441
10110910,42.12,42.14,42.12,42.12,4268
10110915,42.12,42.12,42.11,42.12,4012
10110920,42.11,42.12,42.09,42.1,13081
10110925,42.09,42.12,42.07,42.11,12244
10110930,42.11,42.32,42.11,42.24,1024460
10110935,42.25,42.38,42.23,42.33,544871
10110940,42.34,42.37,42.27,42.3,406701
10110945,42.3,42.31,42.18,42.2,398542
10110950,42.21,42.27,42.14,42.26,369892
10110955,42.26,42.31,42.24,42.31,331917
10111000,42.3,42.37,42.29,42.31,406755
10111005,42.31,42.39,42.3,42.34,330723
10111010,42.34,42.34,42.27,42.3,282759
10111015,42.3,42.35,42.29,42.34,245214
10111020,42.34,42.41,42.33,42.4,386289
10111025,42.41,42.45,42.38,42.41,499939
10111030,42.41,42.43,42.32,42.34,289884
10111035,42.34,42.36,42.33,42.36,146426
10111040,42.36,42.39,42.34,42.35,167136
10111045,42.34,42.34,42.24,42.25,358209
10111050,42.25,42.28,42.23,42.25,187720
10111055,42.25,42.31,42.24,42.29,175859
10111100,42.29,42.33,42.27,42.3,121743
10111105,42.3,42.31,42.26,42.3,110676
10111110,42.3,42.32,42.27,42.31,152959
10111115,42.31,42.33,42.29,42.3,102585
10111120,42.29,42.35,42.29,42.33,103329
10111125,42.33,42.35,42.31,42.32,87080
10111130,42.32,42.35,42.32,42.33,96513
10111135,42.33,42.37,42.32,42.36,163193
10111140,42.36,42.36,42.31,42.32,95047
10111145,42.32,42.34,42.3,42.31,75630
10111150,42.31,42.32,42.29,42.3,88797
10111155,42.3,42.31,42.27,42.3,137364
10111200,42.3,42.31,42.28,42.3,85083
10111205,42.3,42.31,42.27,42.29,87150
10111210,42.29,42.33,42.28,42.33,76532
10111215,42.32,42.34,42.3,42.33,67645
10111220,42.34,42.34,42.31,42.33,57929
10111225,42.34,42.35,42.32,42.34,50145
10111230,42.33,42.36,42.32,42.35,62073
10111235,42.35,42.4,42.34,42.37,124242
10111240,42.37,42.38,42.36,42.37,52218
10111245,42.37,42.37,42.34,42.34,67313
10111250,42.34,42.36,42.33,42.34,69026
10111255,42.34,42.37,42.34,42.37,48036
10111300,42.37,42.38,42.34,42.37,61631
10111305,42.36,42.38,42.35,42.38,60521
10111310,42.38,42.39,42.37,42.39,77534
10111315,42.39,42.39,42.37,42.38,46717
10111320,42.38,42.39,42.37,42.38,36108
10111325,42.38,42.39,42.37,42.37,32992
10111330,42.37,42.38,42.36,42.37,40902
10111335,42.37,42.38,42.36,42.38,44837
10111340,42.38,42.39,42.37,42.39,46356
10111345,42.39,42.4,42.37,42.39,64625
10111350,42.39,42.42,42.38,42.42,166269
10111355,42.41,42.42,42.39,42.4,78475
10111400,42.41,42.41,42.39,42.39,80707
10111405,42.39,42.4,42.38,42.4,58202
10111410,42.39,42.39,42.37,42.38,81160
10111415,42.37,42.4,42.37,42.38,65981
10111420,42.38,42.39,42.37,42.39,72978
10111425,42.39,42.39,42.38,42.39,42225
10111430,42.39,42.41,42.37,42.41,138851
10111435,42.41,42.43,42.41,42.43,199822
10111440,42.43,42.46,42.42,42.46,278415
10111445,42.46,42.46,42.42,42.44,229682
10111450,42.44,42.45,42.4,42.43,183782
10111455,42.43,42.44,42.41,42.42,120333
10111500,42.42,42.44,42.41,42.42,85978
10111505,42.42,42.44,42.42,42.43,65594
10111510,42.43,42.43,42.32,42.34,344651
10111515,42.34,42.37,42.33,42.34,254061
10111520,42.34,42.36,42.29,42.29,233775
10111525,42.29,42.31,42.23,42.24,339002
10111530,42.24,42.26,42.16,42.16,433317
10111535,42.16,42.22,42.15,42.17,376163
10111540,42.17,42.19,42.09,42.19,435432
10111545,42.18,42.25,42.15,42.23,269115
10111550,42.24,42.24,42.21,42.22,247342
10111555,42.22,42.22,42.16,42.19,375616
10111600,42.21,42.27,42.19,42.27,470020
10111605,42.26,42.26,42.19,42.25,9350
10111610,42.25,42.3,42.23,42.23,2460
10111615,42.23,42.24,42.22,42.24,3513
10111620,42.24,42.24,42.24,42.24,860
10111625,42.23,42.24,42.23,42.23,860
10111630,42.24,42.24,42.22,42.22,720
10111635,42.22,42.22,42.22,42.22,1108
10111640,42.22,42.3,42.21,42.22,22952
10111645,42.21,42.21,42.21,42.21,1713
10111650,42.21,42.21,42.21,42.21,420
10111655,42.21,42.21,42.21,42.21,111
10120900,42.29,42.29,42.26,42.26,6858
10120905,42.26,42.28,42.25,42.26,9993
10120910,42.26,42.29,42.25,42.27,5900
10120915,42.28,42.3,42.28,42.3,11372
10120920,42.29,42.31,42.25,42.25,13197
10120925,42.25,42.25,42.19,42.2,12200
10120930,42.2,42.32,42.11,42.26,678757
10120935,42.26,42.38,42.23,42.31,619514
10120940,42.31,42.32,42.23,42.24,397968
10120945,42.24,42.24,41.9,41.93,894665
10120950,41.93,41.98,41.78,41.91,892055
10120955,41.91,41.99,41.88,41.94,372383
10121000,41.94,42.08,41.93,42.05,469620
10121005,42.05,42.12,42.02,42.02,264177
10121010,42.02,42.17,42.01,42.16,260568
10121015,42.15,42.24,42.14,42.23,571948
10121020,42.22,42.25,42.19,42.19,270771
10121025,42.2,42.24,42.18,42.19,176014
10121030,42.19,42.27,42.19,42.25,219123
10121035,42.25,42.28,42.22,42.27,174197
10121040,42.27,42.31,42.25,42.29,258857
10121045,42.3,42.34,42.27,42.33,305025
10121050,42.33,42.42,42.32,42.41,422617
10121055,42.41,42.46,42.38,42.41,406478
10121100,42.41,42.44,42.37,42.41,264867
10121105,42.4,42.53,42.4,42.47,503664
10121110,42.47,42.49,42.39,42.43,266963
10121115,42.42,42.44,42.41,42.43,147506
10121120,42.42,42.43,42.39,42.41,112445
10121125,42.41,42.45,42.41,42.44,166144
10121130,42.44,42.45,42.41,42.42,120687
10121135,42.42,42.47,42.42,42.44,121061
10121140,42.44,42.44,42.39,42.4,125253
10121145,42.4,42.4,42.37,42.39,105143
10121150,42.38,42.43,42.37,42.42,85318
10121155,42.42,42.45,42.41,42.43,109608
10121200,42.43,42.46,42.41,42.44,162261
10121205,42.44,42.45,42.41,42.42,55041
10121210,42.42,42.43,42.4,42.41,72321
10121215,42.42,42.46,42.41,42.46,95678
10121220,42.46,42.48,42.43,42.43,191809
10121225,42.44,42.44,42.4,42.4,77810
10121230,42.41,42.44,42.39,42.44,108305
10121235,42.44,42.44,42.41,42.42,58558
10121240,42.43,42.44,42.42,42.44,35653
10121245,42.43,42.44,42.4,42.41,77318
10121250,42.4,42.44,42.4,42.43,72558
10121255,42.43,42.44,42.4,42.42,70011
10121300,42.42,42.43,42.4,42.43,46984
10121305,42.43,42.43,42.4,42.42,49882
10121310,42.42,42.43,42.41,42.42,29289
10121315,42.42,42.44,42.42,42.42,60384
10121320,42.43,42.43,42.4,42.41,66927
10121325,42.41,42.43,42.4,42.43,31961
10121330,42.42,42.43,42.41,42.42,32468
10121335,42.42,42.43,42.4,42.4,52072
10121340,42.41,42.42,42.37,42.39,110628
10121345,42.39,42.42,42.39,42.41,56686
10121350,42.41,42.43,42.4,42.42,49302
10121355,42.42,42.43,42.41,42.42,61034
10121400,42.42,42.51,42.36,42.47,490548
10121405,42.47,42.49,42.42,42.45,228342
10121410,42.44,42.51,42.44,42.49,285924
10121415,42.49,42.59,42.48,42.53,631807
10121420,42.53,42.53,42.41,42.44,363328
10121425,42.45,42.49,42.43,42.46,150845
10121430,42.47,42.48,42.37,42.37,246073
10121435,42.38,42.46,42.37,42.41,117290
10121440,42.41,42.49,42.41,42.45,208983
10121445,42.46,42.51,42.46,42.47,149645
10121450,42.47,42.5,42.46,42.5,111075
10121455,42.5,42.52,42.48,42.52,148098
10121500,42.51,42.52,42.43,42.44,213456
10121505,42.44,42.52,42.43,42.51,199521
10121510,42.51,42.54,42.5,42.53,220914
10121515,42.52,42.6,42.52,42.59,393052
10121520,42.58,42.66,42.58,42.65,418291
10121525,42.65,42.71,42.65,42.7,417514
10121530,42.7,42.71,42.65,42.67,308409
10121535,42.67,42.7,42.65,42.69,251701
10121540,42.68,42.72,42.67,42.71,350155
10121545,42.71,42.78,42.71,42.78,499327
10121550,42.78,42.79,42.67,42.69,477949
10121555,42.69,42.7,42.63,42.68,538292
10121600,42.68,42.68,42.64,42.66,210428
10121605,42.65,42.66,42.63,42.64,5206
10121610,42.65,42.66,42.64,42.66,1815
10121615,42.63,42.75,42.61,42.71,64642
10121620,42.71,42.71,42.67,42.68,6914
10121625,42.68,42.72,42.67,42.72,182362
10121630,42.71,42.71,42.65,42.7,5838
10121635,42.7,42.74,42.7,42.71,10299
10121640,42.71,42.71,42.7,42.7,1773
10121645,42.71,42.73,42.7,42.71,3083
10121650,42.72,42.72,42.7,42.71,2575
10121655,42.7,42.7,42.69,42.69,690
10130900,42.99,42.99,42.97,42.97,8050
10130905,42.97,42.98,42.93,42.94,21584
10130910,42.95,42.97,42.94,42.96,17901
10130915,42.97,42.97,42.91,42.94,10740
10130920,42.94,42.99,42.94,42.97,14473
10130925,42.97,42.97,42.86,42.87,56557
10130930,42.89,42.97,42.86,42.91,1311609
10130935,42.91,42.99,42.88,42.92,663549
10130940,42.92,42.96,42.9,42.96,482136
10130945,42.96,43.1,42.95,43.1,750879
10130950,43.1,43.1,43.04,43.05,516093
10130955,43.05,43.08,43.03,43.03,339009
10131000,43.04,43.08,43.02,43.07,423403
10131005,43.07,43.08,43.04,43.06,301958
10131010,43.06,43.08,43.03,43.06,318171
10131015,43.06,43.11,42.95,42.98,576991
10131020,42.98,43.02,42.93,43.01,372836
10131025,43.01,43.05,43.0,43.01,223848
10131030,43.01,43.03,42.96,43.01,175336
10131035,43.01,43.04,43.0,43.02,206142
10131040,43.02,43.03,42.99,43.0,156655
10131045,43.0,43.01,42.95,42.96,182393
10131050,42.96,43.01,42.96,43.01,184003
10131055,43.0,43.05,42.97,43.05,210605
10131100,43.05,43.06,43.02,43.06,240530
10131105,43.06,43.1,43.02,43.03,328466
10131110,43.03,43.06,42.98,43.04,291140
10131115,43.03,43.06,43.03,43.06,149850
10131120,43.06,43.14,43.06,43.13,409057
10131125,43.13,43.13,43.03,43.04,306879
10131130,43.04,43.07,43.04,43.06,179139
10131135,43.07,43.07,43.03,43.05,154572
10131140,43.05,43.05,43.02,43.03,84879
10131145,43.03,43.04,43.02,43.04,105299
10131150,43.04,43.07,43.04,43.06,85796
10131155,43.06,43.06,43.05,43.05,76963
10131200,43.05,43.06,43.05,43.06,97363
10131205,43.06,43.06,43.04,43.05,150177
10131210,43.04,43.05,43.04,43.04,63048
10131215,43.04,43.05,43.03,43.04,71802
10131220,43.04,43.06,43.02,43.05,104973
10131225,43.05,43.07,43.04,43.06,101022
10131230,43.06,43.06,43.05,43.05,64716
10131235,43.06,43.07,43.04,43.05,75182
10131240,43.05,43.06,42.99,43.01,225346
10131245,43.01,43.03,42.98,43.0,135672
10131250,42.99,43.02,42.97,43.01,112871
10131255,43.01,43.01,42.98,42.98,95103
10131300,42.99,43.0,42.96,42.97,177551
10131305,42.97,42.98,42.87,42.89,293860
10131310,42.89,42.91,42.86,42.87,327920
10131315,42.88,42.9,42.86,42.89,308176
10131320,42.9,42.93,42.86,42.92,219556
10131325,42.92,42.93,42.9,42.91,165903
10131330,42.91,42.98,42.9,42.96,241387
10131335,42.96,43.01,42.94,43.01,157148
10131340,43.01,43.01,42.97,42.97,119087
10131345,42.97,42.97,42.93,42.93,140153
10131350,42.94,42.97,42.93,42.97,69547
10131355,42.96,42.97,42.95,42.96,66854
10131400,42.96,43.02,42.95,43.0,209992
10131405,43.0,43.01,42.99,42.99,89105
10131410,43.0,43.03,42.99,43.02,156297
10131415,43.02,43.03,43.0,43.01,158907
10131420,43.01,43.02,42.95,42.95,165079
10131425,42.95,42.97,42.93,42.96,195165
10131430,42.96,43.0,42.95,42.98,139934
10131435,42.98,43.0,42.92,42.92,254188
10131440,42.92,42.94,42.88,42.91,226117
10131445,42.91,42.93,42.83,42.84,369829
10131450,42.84,42.91,42.83,42.88,356206
10131455,42.88,42.96,42.88,42.95,221652
10131500,42.95,42.97,42.9,42.91,239405
10131505,42.91,42.96,42.87,42.93,183962
10131510,42.93,42.95,42.9,42.93,163814
10131515,42.93,42.98,42.92,42.97,227901
10131520,42.98,43.01,42.97,43.0,215287
10131525,43.0,43.0,42.93,42.95,207773
10131530,42.94,42.98,42.94,42.95,156967
10131535,42.96,42.98,42.92,42.93,168288
10131540,42.93,42.98,42.92,42.96,208549
10131545,42.96,42.96,42.91,42.93,230193
10131550,42.93,42.94,42.87,42.88,329540
10131555,42.88,42.93,42.85,42.87,601851
10131600,42.88,42.91,42.88,42.91,479588
10131605,42.91,42.91,42.89,42.9,4916
10131610,42.91,42.91,42.89,42.89,2560
10131615,42.89,42.9,42.89,42.89,4905
10131620,42.89,42.98,42.89,42.89,4550
10131625,42.89,42.89,42.88,42.88,3194
10131630,42.88,42.88,42.87,42.87,600
10131635,42.87,42.88,42.87,42.88,400
10131640,42.88,42.88,42.88,42.88,1525
10131645,42.88,42.88,42.87,42.88,400
10131650,42.88,42.88,42.87,42.88,3500
10131655,42.88,43.02,42.88,43.02,1924659
10140900,43.18,43.19,43.11,43.14,27515
10140905,43.15,43.15,43.05,43.05,37786
10140910,43.05,43.07,43.03,43.06,17288
10140915,43.06,43.09,43.05,43.08,4700
10140920,43.08,43.08,43.0,43.0,11562
10140925,43.0,43.1,43.0,43.05,16570
10140930,43.1,43.13,43.0,43.05,742479
10140935,43.05,43.1,43.01,43.09,550582
10140940,43.1,43.16,43.06,43.13,638299
10140945,43.13,43.14,43.02,43.03,377616
10140950,43.03,43.03,42.91,43.0,462809
10140955,43.01,43.03,42.93,42.96,284203
10141000,42.96,43.07,42.94,43.05,310905
10141005,43.05,43.08,43.03,43.04,220832
10141010,43.05,43.11,43.02,43.08,297585
10141015,43.09,43.16,43.08,43.13,333402
10141020,43.13,43.17,43.11,43.15,281971
10141025,43.15,43.15,43.1,43.12,154517
10141030,43.12,43.16,43.1,43.13,140949
10141035,43.13,43.16,43.12,43.16,156172
10141040,43.15,43.16,43.12,43.14,147060
10141045,43.14,43.19,43.14,43.18,221835
10141050,43.18,43.21,43.17,43.19,195187
10141055,43.19,43.19,43.15,43.17,95944
10141100,43.17,43.19,43.15,43.16,143091
10141105,43.15,43.16,43.12,43.15,159316
10141110,43.15,43.15,43.12,43.14,113300
10141115,43.14,43.14,43.09,43.09,136978
10141120,43.1,43.11,43.07,43.08,181821
10141125,43.08,43.12,43.06,43.11,151337
10141130,43.11,43.13,43.07,43.09,152319
10141135,43.08,43.1,43.07,43.08,89729
10141140,43.08,43.11,43.05,43.06,197846
10141145,43.06,43.1,43.05,43.07,354028
10141150,43.07,43.1,43.06,43.1,124753
10141155,43.1,43.1,43.08,43.1,78376
10141200,43.1,43.13,43.09,43.12,152871
10141205,43.13,43.14,43.1,43.11,94694
10141210,43.11,43.14,43.1,43.12,81843
10141215,43.11,43.12,43.08,43.1,73348
10141220,43.1,43.1,43.06,43.08,71397
10141225,43.08,43.09,43.03,43.05,201825
10141230,43.05,43.07,42.98,43.05,210269
10141235,43.05,43.09,43.05,43.06,174806
10141240,43.06,43.06,43.04,43.04,80413
10141245,43.04,43.05,43.02,43.04,96568
10141250,43.04,43.06,43.04,43.05,75320
10141255,43.05,43.08,43.05,43.05,81328
10141300,43.06,43.06,43.0,43.03,197100
10141305,43.03,43.04,42.93,42.96,313979
10141310,42.96,43.02,42.96,43.0,162719
10141315,43.0,43.01,42.96,42.98,101727
10141320,42.98,43.0,42.96,42.99,118871
10141325,42.99,43.03,42.99,43.02,95131
10141330,43.03,43.07,42.99,43.06,146867
10141335,43.06,43.1,43.04,43.09,145951
10141340,43.09,43.09,43.04,43.05,98350
10141345,43.05,43.07,43.02,43.06,106212
10141350,43.06,43.09,43.02,43.07,94116
10141355,43.07,43.09,43.05,43.08,83259
10141400,43.08,43.08,43.02,43.05,81652
10141405,43.05,43.06,43.02,43.04,69202
10141410,43.05,43.07,43.03,43.06,64113
10141415,43.06,43.06,43.0,43.03,92138
10141420,43.04,43.05,43.01,43.02,58538
10141425,43.02,43.04,43.0,43.01,93015
10141430,43.01,43.02,42.97,42.97,114015
10141435,42.98,43.03,42.97,42.99,115729
10141440,42.99,43.02,42.97,43.01,88645
10141445,43.01,43.02,42.97,43.02,149620
10141450,43.02,43.03,43.01,43.03,83779
10141455,43.03,43.04,42.97,42.99,131941
10141500,42.99,42.99,42.95,42.98,192060
10141505,42.97,43.02,42.97,43.01,99674
10141510,43.01,43.06,42.99,43.05,168226
10141515,43.05,43.06,43.02,43.04,85387
10141520,43.05,43.09,43.04,43.07,173186
10141525,43.07,43.09,43.05,43.05,116595
10141530,43.05,43.08,43.05,43.06,122328
10141535,43.06,43.11,43.06,43.1,215143
10141540,43.09,43.11,43.08,43.11,129988
10141545,43.1,43.13,43.1,43.12,218140
10141550,43.12,43.14,43.12,43.14,260825
10141555,43.14,43.19,43.14,43.18,522051
10141600,43.18,43.4,43.17,43.4,406033
10141605,43.39,43.4,43.3,43.36,15272
10141610,43.36,43.46,43.11,43.45,29057
10141615,43.46,43.49,43.43,43.47,41948
10141620,43.47,43.48,43.44,43.45,14205
10141625,43.46,43.53,43.46,43.53,25299
10141630,43.53,43.63,43.53,43.59,34899
10141635,43.59,43.61,43.58,43.59,24684
10141640,43.6,43.6,43.56,43.57,14481
10141645,43.57,43.59,42.88,43.58,41775
10141650,43.59,43.62,43.56,43.62,9915
10141655,43.62,43.63,43.6,43.61,8407
10150900,43.7,43.71,43.61,43.71,40927
10150905,43.71,43.84,43.7,43.83,49084
10150910,43.83,43.89,43.83,43.85,33874
10150915,43.85,43.86,43.79,43.81,26106
10150920,43.81,43.84,43.8,43.82,17149
10150925,43.79,43.91,43.79,43.9,67624
10150930,43.92,43.92,43.64,43.66,2681065
10150935,43.66,43.71,43.56,43.6,884360
10150940,43.58,43.7,43.56,43.67,706391
10150945,43.67,43.74,43.64,43.7,493200
10150950,43.7,43.79,43.69,43.77,472134
10150955,43.77,43.87,43.74,43.85,627353
10151000,43.85,43.86,43.63,43.68,723500
10151005,43.68,43.76,43.61,43.71,538456
10151010,43.7,43.84,43.7,43.79,449272
10151015,43.79,43.81,43.67,43.7,496938
10151020,43.69,43.74,43.69,43.72,320479
10151025,43.72,43.79,43.67,43.77,398482
10151030,43.77,43.78,43.7,43.76,261385
10151035,43.77,43.8,43.74,43.79,289496
10151040,43.79,43.85,43.79,43.84,258785
10151045,43.85,43.87,43.82,43.83,315246
10151050,43.83,43.89,43.82,43.88,247991
10151055,43.89,43.97,43.87,43.95,508579
10151100,43.95,43.98,43.92,43.93,275776
10151105,43.93,44.01,43.9,44.0,406786
10151110,44.0,44.13,44.0,44.12,563119
10151115,44.12,44.22,44.12,44.14,758645
10151120,44.14,44.15,44.05,44.12,518364
10151125,44.11,44.2,44.11,44.2,438581
10151130,44.2,44.31,44.2,44.31,793073
10151135,44.3,44.35,44.23,44.23,554104
10151140,44.23,44.3,44.23,44.27,402901
10151145,44.27,44.31,44.24,44.26,304625
10151150,44.26,44.28,44.22,44.25,274728
10151155,44.24,44.28,44.2,44.21,321979
10151200,44.21,44.23,44.16,44.19,374954
10151205,44.19,44.21,44.16,44.17,280130
10151210,44.17,44.21,44.16,44.2,144255
10151215,44.2,44.29,44.19,44.27,237893
10151220,44.28,44.3,44.25,44.27,233888
10151225,44.27,44.28,44.22,44.25,151969
10151230,44.25,44.29,44.23,44.25,170087
10151235,44.26,44.27,44.21,44.26,212210
10151240,44.26,44.29,44.24,44.28,146153
10151245,44.27,44.28,44.25,44.26,141693
10151250,44.27,44.28,44.22,44.23,238669
10151255,44.23,44.24,44.2,44.2,201972
10151300,44.2,44.25,44.2,44.23,122254
10151305,44.23,44.27,44.22,44.26,114387
10151310,44.26,44.27,44.22,44.24,96284
10151315,44.24,44.25,44.23,44.23,76545
10151320,44.23,44.26,44.23,44.25,93797
10151325,44.25,44.29,44.25,44.28,162456
10151330,44.28,44.31,44.26,44.27,201754
10151335,44.28,44.32,44.28,44.3,230886
10151340,44.3,44.31,44.24,44.26,205828
10151345,44.27,44.3,44.23,44.3,184282
10151350,44.29,44.32,44.28,44.29,253440
10151355,44.29,44.32,44.26,44.31,182874
10151400,44.31,44.31,44.25,44.28,153896
10151405,44.28,44.32,44.27,44.31,234040
10151410,44.31,44.32,44.3,44.31,242215
10151415,44.31,44.32,44.29,44.31,162040
10151420,44.3,44.31,44.29,44.31,102939
10151425,44.31,44.32,44.3,44.31,135719
10151430,44.31,44.36,44.3,44.35,369953
10151435,44.35,44.41,44.34,44.4,409759
10151440,44.4,44.4,44.33,44.36,279895
10151445,44.36,44.39,44.36,44.39,139718
10151450,44.39,44.41,44.38,44.4,242069
10151455,44.4,44.41,44.39,44.4,289999
10151500,44.4,44.4,44.37,44.38,245140
10151505,44.38,44.39,44.31,44.34,370831
10151510,44.34,44.35,44.31,44.33,292776
10151515,44.33,44.38,44.32,44.36,258361
10151520,44.36,44.38,44.35,44.38,209743
10151525,44.38,44.39,44.37,44.38,195660
10151530,44.38,44.44,44.37,44.44,497650
10151535,44.44,44.61,44.43,44.57,891266
10151540,44.57,44.59,44.54,44.55,500988
10151545,44.55,44.59,44.53,44.59,678273
10151550,44.59,44.83,44.59,44.82,1310639
10151555,44.82,45.0,44.79,45.0,1648469
10151600,45.0,45.0,44.93,44.98,728846
10151605,44.98,45.07,44.97,45.01,39858
10151610,45.02,45.03,44.99,44.99,27703
10151615,44.99,45.0,44.98,44.99,16691
10151620,44.99,45.05,44.98,45.03,18482
10151625,45.02,45.04,45.02,45.04,3370
10151630,45.04,45.07,45.03,45.06,8458
10151635,45.05,45.09,45.05,45.06,9671
10151640,45.08,45.11,45.0,45.11,29001
10151645,45.09,45.11,45.09,45.11,11548
10151650,45.11,45.14,45.07,45.1,50693
10151655,45.1,45.13,45.09,45.13,33800
10180900,45.54,45.55,45.5,45.51,23242
10180905,45.51,45.52,45.49,45.49,30980
10180910,45.5,45.53,45.5,45.52,31640
10180915,45.52,45.54,45.47,45.48,25433
10180920,45.48,45.51,45.45,45.46,29393
10180925,45.46,45.56,45.45,45.5,69533
10180930,45.5,45.57,45.21,45.23,1933886
10180935,45.22,45.24,44.9,45.14,1960196
10180940,45.14,45.34,45.12,45.29,1319128
10180945,45.29,45.49,45.29,45.47,908278
10180950,45.46,45.47,45.3,45.31,788289
10180955,45.3,45.41,45.24,45.33,598378
10181000,45.34,45.36,45.16,45.16,627473
10181005,45.16,45.35,45.16,45.27,617413
10181010,45.27,45.31,45.22,45.28,529570
10181015,45.27,45.41,45.27,45.29,578698
10181020,45.29,45.35,45.28,45.29,383206
10181025,45.29,45.33,45.26,45.28,330684
10181030,45.27,45.29,45.21,45.24,410521
10181035,45.24,45.29,45.19,45.28,421558
10181040,45.27,45.29,45.23,45.25,264021
10181045,45.25,45.27,45.22,45.22,189424
10181050,45.22,45.26,45.19,45.23,330105
10181055,45.23,45.26,45.19,45.25,206358
10181100,45.25,45.28,45.23,45.26,276902
10181105,45.26,45.27,45.21,45.21,227740
10181110,45.21,45.22,45.17,45.19,410298
10181115,45.19,45.2,45.15,45.17,282174
10181120,45.17,45.28,45.16,45.25,279899
10181125,45.26,45.26,45.14,45.25,199807
10181130,45.26,45.26,45.2,45.21,202438
10181135,45.21,45.22,45.18,45.2,219808
10181140,45.2,45.21,45.14,45.17,194086
10181145,45.18,45.2,45.16,45.18,250240
10181150,45.18,45.2,45.14,45.15,320787
10181155,45.15,45.18,45.13,45.18,333222
10181200,45.18,45.23,45.16,45.22,252829
10181205,45.22,45.25,45.2,45.23,174226
10181210,45.23,45.23,45.2,45.21,162057
10181215,45.21,45.25,45.21,45.23,200128
10181220,45.23,45.24,45.2,45.23,132747
10181225,45.23,45.23,45.21,45.23,143236
10181230,45.23,45.25,45.2,45.23,141431
10181235,45.23,45.24,45.2,45.23,213310
10181240,45.23,45.23,45.21,45.21,227684
10181245,45.21,45.21,45.16,45.16,255972
10181250,45.16,45.17,45.12,45.13,414603
10181255,45.12,45.13,45.0,45.02,638935
10181300,45.02,45.09,45.02,45.05,339031
10181305,45.05,45.09,45.01,45.06,339142
10181310,45.06,45.1,45.04,45.08,256720
10181315,45.09,45.13,45.08,45.11,239554
10181320,45.11,45.12,45.06,45.06,212246
10181325,45.06,45.11,45.06,45.09,188366
10181330,45.1,45.11,45.08,45.1,165901
10181335,45.1,45.1,45.08,45.09,186654
10181340,45.09,45.09,45.07,45.07,172275
10181345,45.07,45.08,45.06,45.07,194725
10181350,45.07,45.07,45.01,45.02,310754
10181355,45.02,45.02,44.92,44.94,667781
10181400,44.94,45.06,44.91,45.03,418313
10181405,45.03,45.11,44.97,45.01,312087
10181410,45.01,45.07,44.99,45.05,281006
10181415,45.06,45.19,45.04,45.14,538663
10181420,45.14,45.18,45.08,45.16,324679
10181425,45.16,45.18,45.11,45.13,310341
10181430,45.12,45.17,45.08,45.14,367364
10181435,45.14,45.16,45.08,45.09,304262
10181440,45.09,45.13,45.06,45.11,240321
10181445,45.11,45.17,45.11,45.17,256588
10181450,45.17,45.19,45.1,45.12,277565
10181455,45.12,45.14,45.06,45.08,341879
10181500,45.08,45.15,45.08,45.14,246323
10181505,45.14,45.25,45.14,45.24,413975
10181510,45.24,45.25,45.21,45.23,319679
10181515,45.23,45.25,45.19,45.21,352943
10181520,45.21,45.29,45.2,45.27,395195
10181525,45.29,45.31,45.26,45.31,415925
10181530,45.31,45.4,45.31,45.39,541458
10181535,45.38,45.41,45.32,45.32,579809
10181540,45.32,45.39,45.31,45.37,524124
10181545,45.37,45.4,45.34,45.39,627441
10181550,45.39,45.46,45.39,45.41,983230
10181555,45.42,45.44,45.4,45.42,1040917
10181600,45.43,45.49,45.11,45.47,220015
10181605,45.46,45.46,44.72,45.14,61408
10181610,45.13,45.23,45.1,45.23,28018
10181615,45.23,45.32,45.15,45.2,26365
10181620,45.21,45.21,45.13,45.18,22165
10181625,45.18,45.21,45.17,45.17,7891
10181630,45.41,45.41,45.41,45.41,2700
10181635,45.2,45.21,45.13,45.18,22116
10181640,45.18,45.21,45.17,45.17,8040
10181645,42.86,42.86,42.86,42.86,43363
10181650,42.85,45.43,41.82,42.62,1689472
10181655,42.62,42.7,42.18,42.55,724612
10190900,43.59,43.59,43.34,43.34,151192
10190905,43.34,43.39,43.22,43.34,158221
10190910,43.32,43.45,43.32,43.35,70795
10190915,43.35,43.36,43.11,43.15,93561
10190920,43.14,43.24,43.09,43.13,93983
10190925,43.13,43.35,42.97,43.34,203676
10190930,43.34,43.54,42.86,43.5,2934926
10190935,43.49,43.99,43.49,43.94,2154300
10190940,43.94,44.0,43.45,43.47,1643739
10190945,43.46,43.78,43.46,43.74,1145075
10190950,43.73,43.78,43.62,43.74,948544
10190955,43.74,44.0,43.71,43.93,1175233
10191000,43.93,44.25,43.8,44.24,1483933
10191005,44.25,44.44,44.05,44.44,1537297
10191010,44.43,44.6,44.39,44.42,1508279
10191015,44.41,44.71,44.4,44.52,1141632
10191020,44.52,44.62,44.48,44.56,738159
10191025,44.56,44.64,44.49,44.57,744540
10191030,44.59,44.82,44.57,44.71,894556
10191035,44.71,44.74,44.52,44.54,635818
10191040,44.54,44.62,44.47,44.49,462623
10191045,44.5,44.6,44.49,44.59,292088
10191050,44.59,44.7,44.54,44.59,427239
10191055,44.59,44.68,44.52,44.53,407048
10191100,44.53,44.56,44.34,44.45,668050
10191105,44.45,44.46,44.22,44.24,576938
10191110,44.23,44.31,44.22,44.27,486667
10191115,44.27,44.35,44.24,44.31,292554
10191120,44.32,44.33,44.2,44.25,328329
10191125,44.25,44.3,44.24,44.27,280581
10191130,44.27,44.32,44.26,44.3,248516
10191135,44.3,44.45,44.29,44.43,398041
10191140,44.43,44.51,44.42,44.47,301110
10191145,44.48,44.56,44.46,44.52,386983
10191150,44.51,44.52,44.43,44.48,257794
10191155,44.47,44.62,44.47,44.53,342147
10191200,44.54,44.61,44.54,44.6,211034
10191205,44.59,44.67,44.56,44.56,370736
10191210,44.56,44.62,44.51,44.59,227522
10191215,44.59,44.64,44.53,44.54,193229
10191220,44.54,44.54,44.46,44.46,255530
10191225,44.46,44.52,44.44,44.5,137918
10191230,44.5,44.52,44.46,44.48,127569
10191235,44.47,44.51,44.44,44.49,193755
10191240,44.5,44.6,44.48,44.58,198753
10191245,44.58,44.58,44.51,44.55,186442
10191250,44.55,44.56,44.48,44.54,147707
10191255,44.55,44.59,44.51,44.58,200330
10191300,44.58,44.59,44.52,44.53,133512
10191305,44.54,44.55,44.44,44.48,215293
10191310,44.49,44.5,44.39,44.43,269714
10191315,44.44,44.48,44.42,44.48,210243
10191320,44.48,44.52,44.42,44.42,194107
10191325,44.42,44.43,44.33,44.33,265249
10191330,44.33,44.37,44.31,44.33,231144
10191335,44.33,44.38,44.29,44.37,211119
10191340,44.36,44.39,44.34,44.36,179969
10191345,44.36,44.37,44.24,44.33,367346
10191350,44.32,44.33,44.24,44.24,261205
10191355,44.25,44.26,44.09,44.15,535739
10191400,44.15,44.16,43.81,43.82,898070
10191405,43.83,44.04,43.83,43.98,690640
10191410,43.97,44.07,43.91,44.04,405677
10191415,44.05,44.1,43.99,44.05,338607
10191420,44.04,44.1,44.0,44.02,310040
10191425,44.01,44.08,43.94,43.98,475025
10191430,43.99,44.14,43.94,44.14,358293
10191435,44.14,44.17,44.05,44.08,383821
10191440,44.08,44.11,44.03,44.11,157433
10191445,44.11,44.22,44.08,44.18,287544
10191450,44.18,44.25,44.15,44.19,335937
10191455,44.19,44.27,44.12,44.13,282408
10191500,44.14,44.18,44.05,44.1,247151
10191505,44.1,44.13,43.93,43.99,418763
10191510,43.99,44.08,43.91,43.98,363568
10191515,43.98,44.06,43.97,44.03,245787
10191520,44.02,44.11,43.97,44.04,239522
10191525,44.03,44.1,43.89,43.91,350415
10191530,43.91,43.93,43.76,43.87,652165
10191535,43.86,44.01,43.85,43.96,366235
10191540,43.97,43.98,43.86,43.93,336176
10191545,43.92,44.04,43.89,44.01,422404
10191550,44.01,44.08,43.96,44.08,436004
10191555,44.08,44.24,44.08,44.24,842418
10191600,44.21,44.24,44.21,44.21,217942
10191605,44.21,44.24,44.2,44.22,18699
10191610,44.22,44.23,44.2,44.21,6750
10191615,44.21,44.21,44.18,44.19,5157
10191620,44.19,44.19,44.16,44.17,6147
10191625,44.19,44.19,44.17,44.18,1450
10191630,44.17,44.18,44.16,44.16,7200
10191635,44.15,44.15,44.14,44.14,6446
10191640,44.14,44.14,44.13,44.13,2100
10191645,44.11,44.13,44.11,44.11,2502
10191650,44.11,44.11,44.09,44.09,3695
10191655,44.09,44.1,44.05,44.1,2704
10200900,44.11,44.15,44.11,44.15,9887
10200905,44.14,44.15,44.13,44.14,4000
10200910,44.14,44.19,44.13,44.17,9013
10200915,44.16,44.17,44.13,44.13,7984
10200920,44.13,44.13,44.08,44.1,14606
10200925,44.11,44.18,44.1,44.14,11017
10200930,44.14,44.4,44.11,44.3,895222
10200935,44.3,44.35,44.0,44.02,771423
10200940,44.03,44.28,44.0,44.26,561224
10200945,44.26,44.29,44.05,44.08,472798
10200950,44.09,44.19,43.99,44.07,450606
10200955,44.06,44.15,44.05,44.13,355100
10201000,44.13,44.17,44.08,44.1,348362
10201005,44.1,44.16,44.0,44.01,408781
10201010,44.01,44.06,43.84,43.97,678082
10201015,43.97,43.97,43.9,43.94,304528
10201020,43.93,44.03,43.93,44.02,340140
10201025,44.01,44.07,44.01,44.05,230573
10201030,44.05,44.13,44.04,44.12,307496
10201035,44.12,44.15,43.99,44.0,266423
10201040,43.99,44.14,43.99,44.11,240018
10201045,44.12,44.26,44.1,44.24,504323
10201050,44.24,44.31,44.21,44.26,461194
10201055,44.26,44.3,44.2,44.23,365616
10201100,44.24,44.26,44.19,44.2,165838
10201105,44.2,44.28,44.16,44.28,268331
10201110,44.28,44.31,44.23,44.27,265608
10201115,44.27,44.4,44.25,44.39,284888
10201120,44.39,44.48,44.36,44.46,456004
10201125,44.46,44.59,44.43,44.51,612698
10201130,44.51,44.59,44.5,44.54,297412
10201135,44.54,44.64,44.52,44.64,367327
10201140,44.64,44.7,44.61,44.67,357742
10201145,44.67,44.79,44.66,44.69,504242
10201150,44.69,44.72,44.67,44.72,209554
10201155,44.72,44.72,44.62,44.64,250211
10201200,44.64,44.76,44.63,44.74,272144
10201205,44.73,44.8,44.72,44.74,345178
10201210,44.74,44.89,44.74,44.85,421155
10201215,44.85,44.88,44.82,44.86,254662
10201220,44.86,44.87,44.81,44.83,227521
10201225,44.83,44.84,44.76,44.79,193228
10201230,44.8,44.84,44.77,44.81,112705
10201235,44.82,44.83,44.73,44.75,163646
10201240,44.75,44.75,44.66,44.68,242582
10201245,44.68,44.76,44.67,44.74,152466
10201250,44.74,44.75,44.69,44.69,98780
10201255,44.69,44.7,44.66,44.69,160131
10201300,44.69,44.75,44.68,44.72,184088
10201305,44.72,44.73,44.68,44.71,162365
10201310,44.71,44.71,44.58,44.65,345902
10201315,44.65,44.73,44.64,44.67,172158
10201320,44.67,44.78,44.67,44.77,183310
10201325,44.77,44.77,44.72,44.74,130852
10201330,44.75,44.77,44.72,44.72,118975
10201335,44.72,44.72,44.63,44.64,173437
10201340,44.63,44.71,44.63,44.71,104311
10201345,44.7,44.7,44.62,44.65,131200
10201350,44.64,44.69,44.64,44.66,84408
10201355,44.67,44.7,44.59,44.61,210197
10201400,44.61,44.74,44.53,44.54,403372
10201405,44.54,44.59,44.46,44.48,494388
10201410,44.47,44.63,44.46,44.57,468030
10201415,44.57,44.67,44.55,44.63,345300
10201420,44.63,44.66,44.58,44.61,192975
10201425,44.61,44.65,44.55,44.56,253431
10201430,44.57,44.64,44.53,44.62,273778
10201435,44.63,44.65,44.59,44.62,195786
10201440,44.62,44.67,44.59,44.66,268293
10201445,44.66,44.67,44.57,44.59,264944
10201450,44.59,44.63,44.55,44.61,188142
10201455,44.61,44.63,44.53,44.61,248864
10201500,44.61,44.64,44.58,44.6,165225
10201505,44.6,44.62,44.53,44.6,324058
10201510,44.6,44.62,44.57,44.59,161792
10201515,44.59,44.64,44.59,44.63,196801
10201520,44.64,44.68,44.63,44.65,290290
10201525,44.66,44.7,44.64,44.7,207808
10201530,44.69,44.7,44.66,44.67,225752
10201535,44.67,44.68,44.52,44.57,442929
10201540,44.57,44.59,44.46,44.47,370006
10201545,44.48,44.55,44.47,44.5,303694
10201550,44.51,44.55,44.33,44.34,632178
10201555,44.34,44.4,44.27,44.36,921044
10201600,44.35,44.39,44.33,44.36,222400
10201605,44.35,44.36,44.31,44.35,6652
10201610,44.37,44.37,44.35,44.35,1100
10201615,44.36,44.39,44.34,44.39,4766
10201620,44.39,44.4,44.37,44.37,4648
10201625,44.38,44.39,44.36,44.38,4331
10201630,44.38,44.41,44.38,44.4,8184
10201635,44.4,44.44,44.4,44.44,3616
10201640,44.44,44.45,44.44,44.44,3500
10201645,44.45,44.45,44.45,44.45,478
10201650,44.46,44.47,44.45,44.47,2730
10201655,44.46,44.46,44.44,44.44,4605
10210900,44.74,44.74,44.69,44.69,9666
10210905,44.69,44.7,44.66,44.66,6770
10210910,44.67,44.69,44.65,44.69,6913
10210915,44.68,44.71,44.67,44.71,5530
10210920,44.71,44.71,44.69,44.71,2270
10210925,44.71,44.71,44.62,44.62,11000
10210930,44.62,44.63,44.45,44.55,718291
10210935,44.55,44.73,44.5,44.71,624766
10210940,44.71,44.96,44.7,44.85,924027
10210945,44.86,44.89,44.76,44.82,537326
10210950,44.82,44.83,44.73,44.77,304320
10210955,44.76,44.85,44.75,44.82,217681
10211000,44.8,44.81,44.66,44.74,434762
10211005,44.74,44.9,44.69,44.88,483413
10211010,44.87,44.89,44.81,44.82,443195
10211015,44.82,44.82,44.69,44.73,288124
10211020,44.74,44.78,44.7,44.76,199358
10211025,44.78,44.79,44.7,44.74,256036
10211030,44.74,44.78,44.72,44.74,169880
10211035,44.75,44.76,44.69,44.7,186580
10211040,44.7,44.74,44.66,44.68,273381
10211045,44.67,44.71,44.62,44.71,253986
10211050,44.71,44.71,44.65,44.67,112023
10211055,44.67,44.7,44.66,44.69,100280
10211100,44.69,44.75,44.69,44.71,214506
10211105,44.72,44.76,44.64,44.65,188450
10211110,44.65,44.68,44.56,44.57,307939
10211115,44.57,44.62,44.53,44.56,235981
10211120,44.56,44.61,44.53,44.55,140842
10211125,44.55,44.56,44.49,44.54,290779
10211130,44.53,44.6,44.53,44.58,122607
10211135,44.58,44.58,44.37,44.41,342730
10211140,44.41,44.42,44.3,44.31,488124
10211145,44.31,44.41,44.3,44.39,209703
10211150,44.39,44.4,44.34,44.39,136581
10211155,44.38,44.46,44.37,44.44,202571
10211200,44.44,44.45,44.39,44.41,118702
10211205,44.41,44.43,44.37,44.42,91833
10211210,44.42,44.45,44.39,44.4,77357
10211215,44.41,44.44,44.38,44.41,90699
10211220,44.41,44.43,44.33,44.36,147129
10211225,44.35,44.39,44.32,44.38,103462
10211230,44.38,44.38,44.31,44.32,118536
10211235,44.32,44.33,44.16,44.17,395633
10211240,44.17,44.27,44.14,44.25,232602
10211245,44.25,44.29,44.21,44.28,150046
10211250,44.29,44.36,44.27,44.32,196265
10211255,44.32,44.35,44.3,44.31,86100
10211300,44.31,44.4,44.31,44.4,119159
10211305,44.39,44.39,44.33,44.36,73815
10211310,44.37,44.39,44.33,44.36,77604
10211315,44.36,44.37,44.29,44.33,116683
10211320,44.33,44.36,44.29,44.31,76956
10211325,44.31,44.35,44.3,44.31,48357
10211330,44.32,44.33,44.2,44.22,186252
10211335,44.22,44.26,44.21,44.25,108881
10211340,44.25,44.29,44.2,44.22,104879
10211345,44.21,44.21,44.08,44.12,346039
10211350,44.13,44.13,44.02,44.08,345655
10211355,44.08,44.08,43.86,43.91,498124
10211400,43.92,43.99,43.83,43.98,520861
10211405,43.98,44.03,43.94,44.01,304669
10211410,44.01,44.04,43.92,43.99,203343
10211415,43.99,44.02,43.92,44.0,180383
10211420,44.01,44.01,43.93,43.94,139124
10211425,43.94,44.06,43.94,43.99,221152
10211430,43.99,44.08,43.99,44.04,182094
10211435,44.04,44.07,44.02,44.03,126967
10211440,44.03,44.1,44.01,44.07,152216
10211445,44.08,44.1,44.03,44.06,112750
10211450,44.06,44.12,44.01,44.12,187407
10211455,44.12,44.16,44.1,44.15,218462
10211500,44.15,44.19,44.13,44.17,145859
10211505,44.17,44.17,44.11,44.12,137959
10211510,44.12,44.14,44.07,44.14,150508
10211515,44.13,44.26,44.13,44.24,281346
10211520,44.24,44.28,44.22,44.28,223848
10211525,44.27,44.28,44.2,44.23,231179
10211530,44.23,44.28,44.21,44.23,167507
10211535,44.23,44.28,44.22,44.24,121445
10211540,44.24,44.26,44.15,44.2,171869
10211545,44.2,44.24,44.13,44.19,229664
10211550,44.2,44.21,44.16,44.18,182999
10211555,44.18,44.22,44.09,44.2,536087
10211600,44.21,44.32,44.11,44.11,355172
10211605,44.15,44.16,44.08,44.1,10671
10211610,44.1,44.32,44.05,44.09,43500
10211615,44.09,44.16,44.07,44.14,4796
10211620,44.14,44.17,44.13,44.15,3772
10211625,44.14,44.14,44.13,44.13,1402
10211630,44.11,44.13,44.11,44.12,696
10211635,44.12,44.12,44.12,44.12,470
10211640,44.13,44.13,44.13,44.13,300
10211645,44.11,44.12,44.11,44.12,257
10211650,44.11,44.12,44.09,44.09,1425
10211655,44.09,44.09,44.04,44.04,3655
10220900,44.14,44.25,44.12,44.23,14261
10220905,44.23,44.25,44.21,44.22,12409
10220910,44.22,44.33,44.22,44.24,40228
10220915,44.24,44.24,44.16,44.19,16360
10220920,44.19,44.19,44.18,44.18,1577
10220925,44.19,44.21,44.13,44.17,17708
10220930,44.15,44.18,43.98,44.09,676733
10220935,44.09,44.27,44.01,44.27,329230
10220940,44.25,44.29,44.2,44.22,390451
10220945,44.23,44.24,44.09,44.11,294611
10220950,44.12,44.12,44.04,44.06,266654
10220955,44.06,44.12,44.03,44.05,216038
10221000,44.06,44.06,43.9,43.99,365350
10221005,44.0,44.04,43.95,43.98,191930
10221010,43.98,44.0,43.88,43.97,245632
10221015,43.98,43.98,43.88,43.95,239119
10221020,43.94,44.0,43.9,43.95,206037
10221025,43.95,44.0,43.94,43.99,167467
10221030,43.99,44.11,43.98,44.1,228688
10221035,44.1,44.1,44.03,44.05,131442
10221040,44.05,44.08,44.03,44.06,85714
10221045,44.05,44.12,44.04,44.1,126148
10221050,44.11,44.16,44.09,44.16,184824
10221055,44.16,44.23,44.13,44.16,262163
10221100,44.16,44.21,44.11,44.21,160066
10221105,44.21,44.21,44.13,44.13,150907
10221110,44.13,44.19,44.07,44.07,153536
10221115,44.07,44.11,44.03,44.11,156919
10221120,44.1,44.12,44.05,44.06,92399
10221125,44.06,44.07,44.04,44.06,107073
10221130,44.07,44.14,44.06,44.14,153345
10221135,44.14,44.18,44.12,44.15,104105
10221140,44.15,44.16,44.11,44.12,68964
10221145,44.12,44.12,44.04,44.05,138318
10221150,44.04,44.08,44.03,44.07,76671
10221155,44.07,44.1,44.03,44.03,121832
10221200,44.03,44.07,44.01,44.07,138450
10221205,44.06,44.08,44.04,44.06,113020
10221210,44.06,44.06,44.03,44.04,77324
10221215,44.03,44.05,44.03,44.04,63056
10221220,44.05,44.09,44.04,44.08,118836
10221225,44.08,44.11,44.07,44.09,131377
10221230,44.09,44.1,44.04,44.04,94777
10221235,44.04,44.09,44.03,44.06,74552
10221240,44.06,44.08,44.04,44.06,50945
10221245,44.06,44.07,44.05,44.07,59841
10221250,44.07,44.07,44.02,44.03,87470
10221255,44.03,44.05,44.0,44.03,89053
10221300,44.02,44.04,44.0,44.01,65154
10221305,44.01,44.03,44.01,44.03,37460
10221310,44.03,44.03,44.0,44.02,75964
10221315,44.02,44.05,44.01,44.04,88793
10221320,44.03,44.04,44.0,44.0,79793
10221325,44.01,44.07,43.99,44.05,186241
10221330,44.05,44.06,44.02,44.04,53786
10221335,44.04,44.04,43.97,43.98,110336
10221340,43.98,44.01,43.97,43.99,62809
10221345,43.99,44.0,43.95,43.95,81850
10221350,43.95,43.98,43.93,43.97,164261
10221355,43.97,43.98,43.94,43.94,110359
10221400,43.95,43.97,43.93,43.93,82697
10221405,43.93,44.0,43.93,43.99,128113
10221410,43.99,44.03,43.99,44.0,99138
10221415,44.0,44.02,43.99,44.01,67928
10221420,44.02,44.06,44.01,44.05,125754
10221425,44.05,44.14,44.02,44.13,217363
10221430,44.12,44.13,44.05,44.06,143197
10221435,44.06,44.11,44.06,44.09,110690
10221440,44.09,44.11,44.06,44.1,92736
10221445,44.1,44.13,44.08,44.1,96855
10221450,44.1,44.12,44.04,44.04,100400
10221455,44.04,44.06,44.04,44.04,118292
10221500,44.04,44.05,44.01,44.04,141793
10221505,44.04,44.07,44.01,44.03,173214
10221510,44.03,44.06,43.97,43.99,183023
10221515,43.99,44.0,43.95,43.98,95320
10221520,43.98,44.01,43.97,43.98,121843
10221525,43.98,44.01,43.97,43.98,103219
10221530,43.98,44.01,43.97,43.98,101056
10221535,43.99,43.99,43.94,43.94,114047
10221540,43.94,43.95,43.91,43.91,252983
10221545,43.91,43.96,43.91,43.94,200321
10221550,43.95,43.99,43.94,43.95,267597
10221555,43.95,43.98,43.76,43.98,889455
10221600,43.97,43.98,43.89,43.89,386461
10221605,43.91,43.93,43.91,43.93,6063
10221610,43.92,43.95,43.91,43.94,9256
10221615,43.94,43.97,43.92,43.93,16241
10221620,43.98,43.98,43.92,43.93,1778
10221625,43.93,43.94,43.92,43.93,7619
10221630,43.93,43.94,43.93,43.93,4545
10221635,43.94,43.94,43.93,43.93,1564
10221640,43.93,43.94,43.93,43.93,3215
10221645,43.94,43.94,43.93,43.94,3887
10221650,43.94,43.94,43.93,43.94,2830
10221655,43.93,43.93,43.92,43.92,1280
10250900,44.12,44.13,44.12,44.13,1900
10250905,44.13,44.16,44.13,44.13,10350
10250910,44.13,44.15,44.13,44.14,2820
10250915,44.14,44.14,44.12,44.12,1900
10250920,44.12,44.14,44.12,44.13,2200
10250925,44.13,44.16,44.13,44.16,11480
10250930,44.16,44.28,44.06,44.27,690728
10250935,44.27,44.44,44.27,44.44,749469
10250940,44.44,44.51,44.35,44.39,607037
10250945,44.39,44.47,44.37,44.44,264902
10250950,44.43,44.46,44.4,44.41,174273
10250955,44.43,44.43,44.35,44.39,262143
10251000,44.39,44.44,44.29,44.35,359039
10251005,44.36,44.43,44.32,44.38,254285
10251010,44.38,44.44,44.37,44.38,236739
10251015,44.38,44.42,44.33,44.37,265331
10251020,44.37,44.47,44.34,44.43,432409
10251025,44.43,44.48,44.43,44.44,293351
10251030,44.44,44.47,44.31,44.33,323943
10251035,44.33,44.39,44.29,44.34,218987
10251040,44.35,44.37,44.23,44.26,265131
10251045,44.26,44.3,44.25,44.28,199626
10251050,44.28,44.29,44.23,44.29,150046
10251055,44.29,44.31,44.25,44.25,166022
10251100,44.26,44.28,44.18,44.19,188830
10251105,44.19,44.24,44.15,44.22,195488
10251110,44.22,44.27,44.2,44.26,134256
10251115,44.26,44.29,44.19,44.27,140704
10251120,44.27,44.29,44.23,44.29,75191
10251125,44.29,44.31,44.28,44.3,137495
10251130,44.3,44.33,44.3,44.32,113328
10251135,44.32,44.34,44.31,44.33,89574
10251140,44.33,44.34,44.31,44.34,60207
10251145,44.34,44.34,44.31,44.34,75947
10251150,44.34,44.34,44.27,44.27,88499
10251155,44.27,44.31,44.27,44.3,51985
10251200,44.29,44.31,44.27,44.27,37663
10251205,44.27,44.28,44.22,44.28,92774
10251210,44.28,44.29,44.27,44.27,56499
10251215,44.27,44.29,44.23,44.24,52351
10251220,44.23,44.29,44.22,44.25,100335
10251225,44.25,44.27,44.23,44.25,47532
10251230,44.26,44.27,44.23,44.25,34459
10251235,44.25,44.29,44.25,44.27,55197
10251240,44.28,44.31,44.25,44.31,100210
10251245,44.31,44.33,44.27,44.29,49823
10251250,44.28,44.29,44.25,44.27,43466
10251255,44.28,44.3,44.26,44.26,35898
10251300,44.26,44.3,44.25,44.29,51856
10251305,44.29,44.31,44.28,44.3,46403
10251310,44.3,44.32,44.28,44.28,42952
10251315,44.29,44.32,44.27,44.3,48826
10251320,44.3,44.33,44.29,44.32,50909
10251325,44.32,44.36,44.3,44.31,74284
10251330,44.32,44.36,44.3,44.31,70809
10251335,44.31,44.34,44.31,44.33,41631
10251340,44.33,44.38,44.32,44.37,135938
10251345,44.37,44.39,44.35,44.38,104427
10251350,44.37,44.37,44.34,44.34,106696
10251355,44.35,44.36,44.32,44.35,82801
10251400,44.35,44.36,44.33,44.34,66331
10251405,44.34,44.38,44.33,44.38,60882
10251410,44.38,44.39,44.36,44.37,91403
10251415,44.36,44.39,44.35,44.35,55549
10251420,44.36,44.39,44.35,44.37,55360
10251425,44.37,44.39,44.36,44.37,48999
10251430,44.37,44.4,44.36,44.37,101091
10251435,44.37,44.39,44.29,44.34,247042
10251440,44.34,44.34,44.27,44.31,103682
10251445,44.3,44.33,44.27,44.28,75449
10251450,44.28,44.33,44.27,44.32,121700
10251455,44.32,44.33,44.31,44.32,98697
10251500,44.32,44.35,44.31,44.33,244309
10251505,44.33,44.34,44.27,44.3,169847
10251510,44.3,44.3,44.22,44.23,198140
10251515,44.23,44.28,44.22,44.27,148598
10251520,44.27,44.31,44.26,44.28,195939
10251525,44.28,44.32,44.27,44.29,183823
10251530,44.29,44.31,44.28,44.29,102005
10251535,44.28,44.3,44.2,44.2,217143
10251540,44.2,44.26,44.18,44.2,175981
10251545,44.2,44.21,44.13,44.18,328348
10251550,44.18,44.2,44.14,44.15,308296
10251555,44.15,44.16,44.1,44.12,476313
10251600,44.12,44.16,44.08,44.09,564646
10251605,44.12,44.12,44.09,44.11,1450
10251610,44.12,44.12,44.12,44.12,51081
10251615,44.12,44.13,44.1,44.13,4908
10251620,44.13,44.13,44.09,44.1,14614
10251625,44.1,44.1,44.09,44.1,2698
10251630,44.1,44.1,44.09,44.1,5300
10251635,44.1,44.12,44.09,44.1,1870
10251640,44.09,44.1,44.09,44.1,1960
10251645,44.1,44.1,44.1,44.1,600
10251650,44.1,44.11,44.1,44.11,1600
10251655,44.1,44.1,44.1,44.1,100
10260900,43.91,43.91,43.81,43.81,33262
10260905,43.81,43.86,43.78,43.85,12334
10260910,43.84,43.88,43.84,43.86,11310
10260915,43.86,43.91,43.84,43.86,5600
10260920,43.86,43.86,43.84,43.84,3718
10260925,43.84,43.86,43.84,43.86,3100
10260930,43.84,43.89,43.75,43.84,705269
10260935,43.85,43.87,43.79,43.83,405403
10260940,43.82,43.84,43.66,43.7,674922
10260945,43.69,43.8,43.67,43.78,388528
10260950,43.78,43.81,43.7,43.75,333849
10260955,43.75,43.81,43.75,43.77,151687
10261000,43.76,44.01,43.76,43.92,588816
10261005,43.91,44.05,43.91,44.04,424516
10261010,44.05,44.05,43.95,43.95,221844
10261015,43.95,44.03,43.95,44.0,248141
10261020,44.0,44.1,43.99,44.1,314191
10261025,44.1,44.17,44.04,44.08,297122
10261030,44.08,44.18,44.07,44.16,271763
10261035,44.16,44.19,44.11,44.13,292886
10261040,44.14,44.15,44.06,44.1,205542
10261045,44.1,44.11,44.07,44.08,113945
10261050,44.08,44.13,44.07,44.1,115975
10261055,44.1,44.16,44.09,44.15,180796
10261100,44.15,44.22,44.11,44.13,310474
10261105,44.12,44.14,44.08,44.1,94
10261110,44.1,44.11,44.04,44.09,137581
10261115,44.1,44.14,44.09,44.13,90859
10261120,44.13,44.25,44.13,44.23,185622
10261125,44.24,44.24,44.17,44.2,136908
10261130,44.19,44.2,44.16,44.17,81327
10261135,44.18,44.2,44.16,44.19,100260
10261140,44.2,44.2,44.14,44.17,107881
10261145,44.17,44.21,44.16,44.2,107289
10261150,44.2,44.23,44.19,44.2,127850
10261155,44.19,44.21,44.18,44.2,141944
10261200,44.2,44.22,44.18,44.19,158575
10261205,44.19,44.19,44.15,44.15,79508
10261210,44.15,44.22,44.15,44.21,80568
10261215,44.21,44.23,44.18,44.19,106331
10261220,44.19,44.22,44.18,44.19,87213
10261225,44.19,44.2,44.17,44.17,58766
10261230,44.18,44.19,44.16,44.17,47248
10261235,44.17,44.18,44.15,44.17,67255
10261240,44.17,44.17,44.11,44.12,70910
10261245,44.11,44.14,44.1,44.13,69558
10261250,44.14,44.16,44.12,44.13,35067
10261255,44.13,44.17,44.13,44.15,77017
10261300,44.15,44.16,44.11,44.14,67307
10261305,44.14,44.16,44.12,44.16,98949
10261310,44.16,44.18,44.14,44.16,117025
10261315,44.16,44.19,44.14,44.14,140397
10261320,44.14,44.15,44.06,44.08,194624
10261325,44.07,44.11,44.0,44.0,207720
10261330,44.0,44.05,44.0,44.04,129284
10261335,44.04,44.05,44.03,44.04,49635
10261340,44.03,44.08,44.03,44.07,65737
10261345,44.06,44.06,44.01,44.03,102151
10261350,44.03,44.04,43.93,43.95,159894
10261355,43.95,43.98,43.94,43.97,121721
10261400,43.96,44.0,43.93,43.94,112304
10261405,43.94,43.98,43.92,43.94,154799
10261410,43.94,43.99,43.92,43.99,82627
10261415,43.99,44.02,43.96,44.02,68375
10261420,44.02,44.02,43.98,43.99,52786
10261425,43.98,44.03,43.97,44.03,89651
10261430,44.03,44.03,43.98,44.0,82453
10261435,44.0,44.06,44.0,44.04,121053
10261440,44.05,44.07,44.03,44.04,62295
10261445,44.03,44.07,44.01,44.05,72804
10261450,44.05,44.07,44.03,44.05,55054
10261455,44.05,44.06,44.0,44.0,89877
10261500,44.0,44.02,43.97,43.99,121702
10261505,43.99,43.99,43.93,43.97,143240
10261510,43.98,44.0,43.97,43.98,176101
10261515,43.98,44.04,43.97,44.04,107208
10261520,44.04,44.06,44.01,44.03,128398
10261525,44.03,44.05,43.97,43.98,126677
10261530,43.98,44.03,43.96,44.03,123770
10261535,44.03,44.03,43.98,44.0,76992
10261540,44.0,44.01,43.96,43.99,118025
10261545,43.99,44.0,43.94,43.98,215944
10261550,43.98,43.99,43.96,43.97,137192
10261555,43.97,44.01,43.97,44.01,300795
10261600,44.01,44.01,43.97,43.98,433160
10261605,43.98,44.08,43.97,43.98,80990
10261610,43.98,43.99,43.96,43.99,6190
10261615,43.98,44.17,43.98,43.98,824
10261620,43.98,44.0,43.98,44.0,2430
10261625,43.99,44.0,43.99,43.99,800
10261630,43.99,44.0,43.99,43.99,15280
10261635,43.98,43.99,43.98,43.99,1098
10261640,43.99,43.99,43.95,43.97,7207
10261645,43.94,43.95,43.94,43.95,1611
10261650,43.94,43.95,43.91,43.94,3850
10261655,43.91,43.94,43.89,43.91,15550
10270900,44.04,44.04,44.01,44.04,23180
10270905,44.03,44.03,43.98,44.0,9410
10270910,44.0,44.03,43.97,43.97,6964
10270915,43.98,44.01,43.98,44.0,2765
10270920,44.0,44.0,43.96,43.96,5475
10270925,43.97,43.99,43.89,43.94,10818
10270930,43.95,44.27,43.83,44.13,767287
10270935,44.11,44.19,43.97,43.99,441213
10270940,43.98,44.04,43.89,43.93,368402
10270945,43.91,44.06,43.86,44.06,358905
10270950,44.06,44.09,44.01,44.03,446238
10270955,44.04,44.12,43.97,44.02,254688
10271000,44.02,44.06,43.9,43.96,264731
10271005,43.97,43.98,43.92,43.98,221741
10271010,43.98,44.04,43.94,43.98,190392
10271015,43.99,44.03,43.89,43.92,176338
10271020,43.92,43.94,43.8,43.8,326791
10271025,43.81,43.84,43.75,43.8,362131
10271030,43.81,43.9,43.76,43.88,255121
10271035,43.88,43.91,43.81,43.83,189978
10271040,43.83,43.88,43.79,43.82,152599
10271045,43.82,43.88,43.8,43.82,104184
10271050,43.82,43.87,43.77,43.86,127824
10271055,43.86,43.87,43.73,43.74,163895
10271100,43.75,43.82,43.73,43.76,222132
10271105,43.76,43.77,43.66,43.74,313551
10271110,43.74,43.77,43.68,43.74,169059
10271115,43.74,43.76,43.7,43.74,123293
10271120,43.74,43.76,43.7,43.72,117274
10271125,43.72,43.73,43.66,43.71,175758
10271130,43.7,43.76,43.7,43.75,168992
10271135,43.74,43.82,43.73,43.82,177856
10271140,43.82,43.85,43.79,43.82,153528
10271145,43.83,43.83,43.8,43.83,78981
10271150,43.83,43.86,43.82,43.84,106668
10271155,43.84,43.86,43.8,43.81,70262
10271200,43.81,43.82,43.77,43.8,64922
10271205,43.8,43.82,43.79,43.79,45162
10271210,43.79,43.82,43.79,43.8,30623
10271215,43.81,43.82,43.78,43.79,56536
10271220,43.79,43.8,43.76,43.77,69165
10271225,43.78,43.82,43.77,43.8,67776
10271230,43.81,43.83,43.74,43.79,67232
10271235,43.79,43.8,43.77,43.78,36914
10271240,43.78,43.79,43.72,43.73,119956
10271245,43.73,43.77,43.73,43.75,68095
10271250,43.75,43.76,43.74,43.75,44215
10271255,43.75,43.77,43.74,43.75,41382
10271300,43.75,43.85,43.75,43.82,130575
10271305,43.83,43.87,43.81,43.81,85938
10271310,43.81,43.81,43.71,43.72,180653
10271315,43.71,43.74,43.68,43.74,139880
10271320,43.73,43.79,43.72,43.77,54475
10271325,43.78,43.83,43.73,43.83,113533
10271330,43.82,43.83,43.78,43.79,54182
10271335,43.79,43.84,43.79,43.83,46080
10271340,43.83,43.88,43.78,43.88,153920
10271345,43.88,43.88,43.82,43.87,101971
10271350,43.87,43.88,43.81,43.82,67294
10271355,43.82,43.87,43.82,43.87,70401
10271400,43.87,43.88,43.85,43.88,113576
10271405,43.88,43.88,43.86,43.88,77858
10271410,43.88,43.88,43.86,43.86,37794
10271415,43.86,43.88,43.81,43.83,100037
10271420,43.82,43.83,43.79,43.83,59625
10271425,43.83,43.84,43.8,43.81,38869
10271430,43.82,43.83,43.8,43.82,51978
10271435,43.81,43.89,43.78,43.89,190167
10271440,43.89,43.95,43.88,43.91,234471
10271445,43.91,43.93,43.87,43.89,120511
10271450,43.88,43.89,43.86,43.89,105341
10271455,43.89,43.92,43.86,43.87,122709
10271500,43.87,43.9,43.84,43.84,87343
10271505,43.84,43.89,43.84,43.85,75856
10271510,43.85,43.86,43.81,43.83,83127
10271515,43.83,43.83,43.79,43.79,114584
10271520,43.79,43.82,43.74,43.81,167522
10271525,43.82,43.85,43.81,43.83,123592
10271530,43.83,43.9,43.83,43.89,144500
10271535,43.9,43.93,43.88,43.93,209946
10271540,43.92,43.95,43.88,43.91,148193
10271545,43.92,43.94,43.89,43.9,134931
10271550,43.9,43.96,43.9,43.96,326955
10271555,43.96,44.0,43.93,43.96,477587
10271600,43.98,43.98,43.92,43.94,298880
10271605,43.91,43.93,43.83,43.86,19826
10271610,43.84,43.9,43.84,43.86,71271
10271615,43.88,43.91,43.87,43.91,11490
10271620,43.91,43.93,43.9,43.92,6363
10271625,43.9,43.91,43.89,43.9,2380
10271630,43.91,43.91,43.9,43.9,1326
10271635,43.89,43.91,43.89,43.91,961
10271640,43.91,43.91,43.86,43.89,11746
10271645,43.91,43.91,43.57,43.57,46816
10271650,43.57,43.68,43.4,43.5,242617
10271655,43.53,43.77,43.43,43.77,173022
10280900,43.97,43.98,43.92,43.96,12666
10280905,43.97,43.99,43.96,43.98,6120
10280910,43.98,43.98,43.93,43.94,7255
10280915,43.94,43.97,43.94,43.96,3920
10280920,43.98,43.99,43.97,43.98,2000
10280925,43.99,44.07,43.99,44.0,24919
10280930,43.99,44.0,43.81,43.86,565672
10280935,43.86,43.93,43.81,43.85,333299
10280940,43.85,43.85,43.72,43.76,432937
10280945,43.76,43.81,43.69,43.73,344292
10280950,43.74,43.74,43.68,43.7,302986
10280955,43.71,43.72,43.63,43.69,431121
10281000,43.7,43.77,43.67,43.74,352651
10281005,43.75,43.83,43.7,43.79,316720
10281010,43.78,43.79,43.67,43.7,197193
10281015,43.7,43.72,43.58,43.61,395972
10281020,43.61,43.64,43.59,43.6,219265
10281025,43.6,43.62,43.44,43.47,567132
10281030,43.47,43.48,43.39,43.48,528999
10281035,43.48,43.53,43.35,43.4,360671
10281040,43.4,43.42,43.36,43.41,288035
10281045,43.41,43.46,43.36,43.45,247758
10281050,43.46,43.49,43.43,43.44,207664
10281055,43.44,43.44,43.37,43.4,169599
10281100,43.4,43.46,43.38,43.43,176014
10281105,43.43,43.51,43.43,43.51,163924
10281110,43.51,43.55,43.5,43.5,252975
10281115,43.5,43.5,43.44,43.47,109558
10281120,43.47,43.5,43.44,43.49,101083
10281125,43.5,43.52,43.48,43.51,153796
10281130,43.5,43.51,43.45,43.47,112645
10281135,43.47,43.5,43.46,43.46,94086
10281140,43.47,43.5,43.46,43.49,86718
10281145,43.5,43.5,43.45,43.46,73167
10281150,43.46,43.48,43.44,43.45,63368
10281155,43.45,43.46,43.41,43.41,120897
10281200,43.41,43.41,43.29,43.32,332547
10281205,43.33,43.37,43.32,43.36,96978
10281210,43.36,43.39,43.3,43.3,132990
10281215,43.31,43.37,43.3,43.36,93618
10281220,43.36,43.36,43.31,43.31,74402
10281225,43.31,43.32,43.23,43.28,319475
10281230,43.27,43.27,43.18,43.23,304449
10281235,43.23,43.24,43.19,43.23,171632
10281240,43.23,43.28,43.23,43.28,119487
10281245,43.28,43.28,43.2,43.21,145850
10281250,43.21,43.23,43.18,43.2,246635
10281255,43.2,43.21,43.05,43.06,409884
10281300,43.06,43.12,42.99,43.09,581209
10281305,43.1,43.19,43.09,43.12,335382
10281310,43.13,43.3,43.12,43.3,291924
10281315,43.3,43.39,43.3,43.38,452034
10281320,43.38,43.39,43.29,43.31,248095
10281325,43.32,43.37,43.3,43.34,150680
10281330,43.33,43.43,43.33,43.37,226668
10281335,43.37,43.43,43.34,43.4,153511
10281340,43.4,43.42,43.3,43.32,190451
10281345,43.32,43.34,43.29,43.32,119622
10281350,43.32,43.36,43.31,43.36,64877
10281355,43.36,43.37,43.31,43.36,84571
10281400,43.35,43.43,43.34,43.43,186144
10281405,43.43,43.5,43.43,43.48,296331
10281410,43.48,43.51,43.45,43.45,140895
10281415,43.45,43.5,43.44,43.46,164548
10281420,43.47,43.51,43.43,43.51,129400
10281425,43.51,43.55,43.48,43.52,197887
10281430,43.52,43.63,43.49,43.6,321448
10281435,43.59,43.6,43.5,43.53,180013
10281440,43.53,43.58,43.49,43.57,158726
10281445,43.57,43.62,43.51,43.56,216967
10281450,43.56,43.6,43.55,43.57,86982
10281455,43.57,43.61,43.54,43.55,163971
10281500,43.55,43.6,43.54,43.6,167035
10281505,43.6,43.64,43.59,43.62,264307
10281510,43.63,43.66,43.56,43.59,270802
10281515,43.59,43.61,43.56,43.58,200212
10281520,43.58,43.58,43.49,43.53,258475
10281525,43.52,43.61,43.52,43.6,174925
10281530,43.61,43.69,43.55,43.67,346188
10281535,43.67,43.75,43.65,43.75,435953
10281540,43.75,43.78,43.71,43.74,353373
10281545,43.74,43.77,43.69,43.75,297591
10281550,43.74,43.76,43.66,43.66,293371
10281555,43.66,43.68,43.58,43.6,435280
10281600,43.61,43.67,43.6,43.61,250271
10281605,43.61,43.66,43.56,43.64,12794
10281610,43.63,43.64,43.57,43.6,4188
10281615,43.62,43.62,43.59,43.59,2561
10281620,43.59,43.62,43.59,43.61,5529
10281625,43.6,43.61,43.6,43.6,536
10281630,43.61,43.63,43.61,43.63,2260
10281635,43.63,43.63,43.61,43.61,752
10281640,43.62,43.62,43.61,43.61,400
10281645,43.63,43.63,43.61,43.62,6900
10281650,43.62,43.63,43.62,43.63,3130
10281655,43.63,43.66,43.63,43.66,4465
10290900,43.61,43.63,43.61,43.61,8500
10290905,43.62,43.63,43.6,43.6,6591
10290910,43.6,43.6,43.59,43.59,2563
10290915,43.61,43.62,43.59,43.59,3943
10290920,43.6,43.6,43.57,43.59,3400
10290925,43.59,43.59,43.46,43.46,10192
10290930,43.46,43.58,43.43,43.58,427136
10290935,43.57,43.7,43.56,43.63,351000
10290940,43.63,43.65,43.52,43.58,286252
10290945,43.58,43.62,43.54,43.6,241067
10290950,43.59,43.6,43.5,43.54,232066
10290955,43.54,43.54,43.48,43.49,134433
10291000,43.49,43.56,43.47,43.55,182373
10291005,43.54,43.61,43.54,43.57,295815
10291010,43.57,43.57,43.51,43.53,133625
10291015,43.53,43.58,43.52,43.55,118554
10291020,43.55,43.55,43.51,43.52,99994
10291025,43.52,43.58,43.52,43.53,111856
10291030,43.53,43.53,43.4,43.42,207605
10291035,43.4,43.47,43.4,43.43,190726
10291040,43.42,43.43,43.28,43.29,260023
10291045,43.29,43.33,43.23,43.32,257080
10291050,43.32,43.35,43.3,43.34,160444
10291055,43.34,43.36,43.31,43.36,102182
10291100,43.35,43.37,43.34,43.36,105624
10291105,43.36,43.36,43.29,43.35,153991
10291110,43.35,43.38,43.34,43.37,97839
10291115,43.37,43.37,43.31,43.36,90620
10291120,43.35,43.37,43.3,43.3,130680
10291125,43.31,43.31,43.22,43.22,188592
10291130,43.22,43.25,43.14,43.17,322264
10291135,43.17,43.23,43.16,43.2,198194
10291140,43.2,43.25,43.18,43.2,186499
10291145,43.21,43.21,43.16,43.2,116282
10291150,43.2,43.21,43.16,43.2,109205
10291155,43.2,43.23,43.19,43.22,98463
10291200,43.22,43.29,43.22,43.28,135967
10291205,43.28,43.3,43.26,43.26,92366
10291210,43.26,43.31,43.25,43.29,117022
10291215,43.29,43.35,43.28,43.34,115665
10291220,43.34,43.39,43.34,43.37,170065
10291225,43.38,43.41,43.36,43.38,120860
10291230,43.37,43.46,43.37,43.46,207624
10291235,43.46,43.52,43.42,43.42,330309
10291240,43.41,43.43,43.37,43.4,113105
10291245,43.41,43.42,43.37,43.39,53833
10291250,43.4,43.43,43.37,43.4,74508
10291255,43.4,43.41,43.38,43.38,52847
10291300,43.38,43.38,43.27,43.28,275683
10291305,43.27,43.29,43.23,43.24,134391
10291310,43.24,43.26,43.22,43.23,87287
10291315,43.23,43.26,43.19,43.26,162169
10291320,43.25,43.32,43.24,43.3,144159
10291325,43.3,43.32,43.27,43.3,97416
10291330,43.3,43.32,43.29,43.3,68058
10291335,43.29,43.3,43.22,43.22,126046
10291340,43.23,43.24,43.18,43.21,219796
10291345,43.21,43.23,43.19,43.23,104606
10291350,43.23,43.24,43.19,43.2,177086
10291355,43.2,43.3,43.19,43.28,145406
10291400,43.28,43.29,43.26,43.28,68344
10291405,43.28,43.28,43.26,43.28,51619
10291410,43.27,43.28,43.23,43.23,86827
10291415,43.24,43.27,43.23,43.26,67943
10291420,43.25,43.31,43.25,43.28,130890
10291425,43.28,43.3,43.24,43.24,101960
10291430,43.24,43.25,43.17,43.2,198012
10291435,43.2,43.22,43.19,43.21,86328
10291440,43.2,43.22,43.19,43.2,105451
10291445,43.21,43.21,43.19,43.21,73962
10291450,43.21,43.22,43.15,43.17,170163
10291455,43.17,43.19,43.16,43.16,99912
10291500,43.16,43.18,43.14,43.16,156633
10291505,43.16,43.18,43.15,43.15,78803
10291510,43.16,43.16,43.07,43.13,304711
10291515,43.13,43.16,43.11,43.13,155231
10291520,43.13,43.19,43.11,43.18,226868
10291525,43.18,43.21,43.18,43.19,167552
10291530,43.2,43.24,43.19,43.22,193740
10291535,43.22,43.25,43.2,43.23,205928
10291540,43.24,43.24,43.19,43.19,195424
10291545,43.19,43.19,43.09,43.09,492678
10291550,43.1,43.1,42.99,43.01,820072
10291555,43.0,43.02,42.98,42.98,730662
10291600,42.98,43.0,42.94,42.94,765408
10291605,42.94,42.98,42.88,42.96,56443
10291610,42.95,42.98,42.94,42.98,7905
10291615,42.96,42.98,42.93,42.94,10336
10291620,42.94,42.97,42.93,42.94,11775
10291625,42.94,42.95,42.94,42.94,1740
10291630,42.94,42.94,42.93,42.93,5243
10291635,42.91,42.93,42.9,42.91,5332
10291640,42.9,42.91,42.9,42.91,15335
10291645,42.91,42.91,42.9,42.9,4522
10291650,42.9,42.91,42.89,42.91,2790
10291655,42.91,42.91,42.9,42.91,2117
11010900,43.14,43.15,43.0,43.15,4045
11010905,43.14,43.15,43.13,43.14,1950
11010910,43.14,43.14,43.13,43.14,2869
11010915,43.14,43.14,43.13,43.14,4600
11010920,43.14,43.19,43.14,43.18,7310
11010925,43.18,43.25,43.17,43.23,14759
11010930,43.17,43.36,43.17,43.36,702145
11010935,43.36,43.45,43.35,43.43,552692
11010940,43.43,43.51,43.43,43.46,517888
11010945,43.46,43.6,43.45,43.59,495275
11010950,43.58,43.63,43.56,43.6,550864
11010955,43.6,43.64,43.52,43.55,444054
11011000,43.56,43.64,43.5,43.61,471966
11011005,43.62,43.66,43.55,43.57,406367
11011010,43.58,43.61,43.55,43.58,233035
11011015,43.58,43.6,43.55,43.55,119410
11011020,43.56,43.58,43.51,43.53,234403
11011025,43.52,43.57,43.5,43.56,225104
11011030,43.56,43.57,43.5,43.5,207170
11011035,43.5,43.52,43.46,43.49,272646
11011040,43.48,43.51,43.46,43.49,155133
11011045,43.49,43.52,43.44,43.52,197284
11011050,43.52,43.53,43.46,43.48,131869
11011055,43.48,43.51,43.45,43.48,160278
11011100,43.47,43.5,43.42,43.5,341642
11011105,43.49,43.49,43.44,43.46,158598
11011110,43.47,43.5,43.37,43.39,198180
11011115,43.39,43.4,43.29,43.34,357298
11011120,43.33,43.35,43.29,43.31,186155
11011125,43.31,43.33,43.26,43.28,409018
11011130,43.27,43.28,43.22,43.24,248176
11011135,43.25,43.28,43.19,43.28,236447
11011140,43.28,43.31,43.25,43.3,192417
11011145,43.3,43.35,43.29,43.34,172558
11011150,43.35,43.36,43.32,43.35,177774
11011155,43.36,43.42,43.34,43.42,282627
11011200,43.42,43.43,43.38,43.4,159075
11011205,43.4,43.41,43.36,43.38,128115
11011210,43.36,43.39,43.36,43.38,102147
11011215,43.38,43.47,43.38,43.44,174079
11011220,43.45,43.48,43.44,43.46,109459
11011225,43.45,43.46,43.41,43.44,87042
11011230,43.44,43.46,43.42,43.45,83756
11011235,43.45,43.45,43.41,43.44,57339
11011240,43.43,43.44,43.41,43.43,60378
11011245,43.43,43.44,43.37,43.38,68693
11011250,43.39,43.39,43.36,43.38,100478
11011255,43.38,43.4,43.37,43.4,46794
11011300,43.4,43.46,43.39,43.42,115880
11011305,43.42,43.42,43.36,43.4,108706
11011310,43.4,43.45,43.39,43.41,82043
11011315,43.41,43.46,43.38,43.43,75181
11011320,43.44,43.46,43.37,43.38,80520
11011325,43.39,43.42,43.36,43.42,76671
11011330,43.41,43.43,43.36,43.4,95643
11011335,43.4,43.43,43.37,43.41,58291
11011340,43.41,43.44,43.39,43.41,81022
11011345,43.41,43.45,43.4,43.44,71999
11011350,43.44,43.46,43.42,43.44,73560
11011355,43.44,43.44,43.41,43.41,43310
11011400,43.41,43.44,43.4,43.4,48178
11011405,43.4,43.4,43.36,43.39,98655
11011410,43.39,43.41,43.36,43.4,113679
11011415,43.39,43.41,43.38,43.41,72354
11011420,43.4,43.47,43.4,43.43,136169
11011425,43.43,43.45,43.39,43.4,61416
11011430,43.41,43.43,43.39,43.42,54565
11011435,43.42,43.42,43.36,43.37,151316
11011440,43.37,43.38,43.31,43.36,206647
11011445,43.36,43.39,43.34,43.35,90145
11011450,43.35,43.42,43.34,43.4,92511
11011455,43.4,43.41,43.34,43.4,74292
11011500,43.39,43.4,43.32,43.33,119046
11011505,43.33,43.33,43.24,43.29,378477
11011510,43.29,43.31,43.25,43.26,182841
11011515,43.26,43.31,43.21,43.27,185689
11011520,43.27,43.34,43.23,43.32,172564
11011525,43.32,43.39,43.31,43.34,181855
11011530,43.35,43.39,43.34,43.36,82017
11011535,43.36,43.38,43.33,43.35,91039
11011540,43.36,43.39,43.32,43.33,86047
11011545,43.33,43.4,43.33,43.38,195922
11011550,43.38,43.41,43.37,43.4,217470
11011555,43.4,43.46,43.39,43.45,358403
11011600,43.46,43.46,43.4,43.4,183593
11011605,43.42,43.44,43.39,43.39,27100
11011610,43.44,43.46,43.44,43.46,8793
11011615,43.46,43.48,43.42,43.45,7645
11011620,43.45,43.45,43.41,43.43,3375
11011625,43.44,43.44,43.43,43.43,1150
11011630,43.44,43.44,43.43,43.43,200
11011635,43.44,43.44,43.44,43.44,400
11011640,43.44,43.44,43.44,43.44,100
11011645,43.44,43.45,43.44,43.45,3100
11011650,43.45,43.45,43.44,43.44,1144
11011655,43.44,43.45,43.44,43.45,700
11020900,43.72,43.73,43.71,43.73,8152
11020905,43.73,43.74,43.72,43.73,5470
11020910,43.73,43.73,43.72,43.72,4515
11020915,43.72,43.78,43.72,43.77,32940
11020920,43.77,43.91,43.77,43.91,42803
11020925,43.91,43.91,43.84,43.86,29537
11020930,43.87,43.88,43.86,43.87,10135
11020935,43.87,43.88,43.85,43.87,8955
11020940,43.87,43.9,43.85,43.89,36217
11020945,43.89,44.17,43.86,44.1,1246029
11020950,44.1,44.24,44.01,44.12,782156
11020955,44.13,44.22,44.01,44.11,486049
11021000,44.11,44.19,44.09,44.13,331710
11021005,44.14,44.16,44.09,44.11,286518
11021010,44.11,44.15,44.01,44.1,205145
11021015,44.1,44.13,44.02,44.04,306894
11021020,44.04,44.1,44.03,44.08,204368
11021025,44.08,44.1,44.02,44.03,174494
11021030,44.04,44.07,44.01,44.06,182427
11021035,44.06,44.1,44.05,44.08,148751
11021040,44.09,44.1,44.06,44.08,116295
11021045,44.08,44.08,43.87,43.98,205631
11021050,43.98,44.02,43.87,44.01,232825
11021055,44.01,44.07,43.99,44.05,224284
11021100,44.06,44.08,44.04,44.06,105825
11021105,44.06,44.06,44.03,44.05,89255
11021110,44.05,44.08,44.03,44.06,74162
11021115,44.07,44.09,44.06,44.08,131043
11021120,44.08,44.11,44.04,44.07,166799
11021125,44.07,44.08,44.03,44.06,79093
11021130,44.06,44.07,44.03,44.06,64553
11021135,44.06,44.07,44.03,44.04,51176
11021140,44.04,44.05,43.98,43.99,95953
11021145,43.98,44.04,43.87,44.03,84680
11021150,44.03,44.06,44.01,44.03,66910
11021155,44.03,44.04,44.01,44.02,42177
11021200,44.02,44.04,44.0,44.03,51005
11021205,44.03,44.05,44.03,44.04,64232
11021210,44.04,44.06,44.03,44.06,63398
11021215,44.05,44.1,44.04,44.09,129526
11021220,44.1,44.1,44.07,44.08,105405
11021225,44.07,44.09,44.04,44.05,60968
11021230,44.04,44.1,44.04,44.09,76645
11021235,44.09,44.1,44.06,44.07,62694
11021240,44.07,44.08,44.05,44.06,64912
11021245,44.06,44.09,44.05,44.06,63847
11021250,44.07,44.1,44.06,44.1,74622
11021255,44.1,44.14,44.09,44.12,149093
11021300,44.13,44.19,44.01,44.17,323139
11021305,44.17,44.18,44.15,44.16,107703
11021310,44.16,44.18,44.14,44.17,112112
11021315,44.17,44.24,44.16,44.23,316405
11021320,44.23,44.25,44.21,44.23,170762
11021325,44.23,44.23,44.21,44.23,112251
11021330,44.22,44.26,44.22,44.24,131282
11021335,44.24,44.28,44.23,44.28,209536
11021340,44.28,44.28,44.25,44.27,211197
11021345,44.27,44.29,44.16,44.26,197411
11021350,44.27,44.27,44.25,44.26,91344
11021355,44.26,44.29,44.16,44.28,142147
11021400,44.28,44.31,44.16,44.29,428503
11021405,44.29,44.3,44.16,44.27,181200
11021410,44.26,44.29,44.24,44.25,135283
11021415,44.25,44.25,44.22,44.22,121664
11021420,44.22,44.23,44.2,44.22,157491
11021425,44.22,44.22,44.14,44.16,236734
11021430,44.16,44.17,44.1,44.13,202100
11021435,44.13,44.19,44.01,44.17,148451
11021440,44.17,44.2,44.17,44.17,91594
11021445,44.17,44.19,44.15,44.16,92040
11021450,44.16,44.19,44.14,44.15,131151
11021455,44.15,44.16,44.01,44.14,91806
11021500,44.13,44.14,44.08,44.12,147648
11021505,44.12,44.18,44.01,44.17,137141
11021510,44.17,44.17,44.13,44.14,78593
11021515,44.14,44.29,44.14,44.25,290360
11021520,44.25,44.27,44.2,44.23,215449
11021525,44.23,44.28,44.22,44.25,120767
11021530,44.26,44.3,44.16,44.29,260375
11021535,44.29,44.3,44.16,44.25,104164
11021540,44.25,44.26,44.22,44.23,130013
11021545,44.22,44.23,44.16,44.19,185432
11021550,44.2,44.21,44.16,44.17,172693
11021555,44.16,44.17,44.01,44.14,232581
11021600,44.14,44.21,44.01,44.2,238678
11021605,44.19,44.24,44.19,44.24,331036
11021610,44.24,44.25,44.17,44.19,446609
11021615,44.19,44.24,44.18,44.19,497076
11021620,44.21,44.21,44.2,44.21,3652
11021625,44.2,44.2,44.19,44.2,6749
11021630,44.19,44.28,44.19,44.28,23078
11021635,44.28,44.31,44.27,44.27,7446
11021640,44.26,44.27,44.25,44.26,1130
11021645,44.27,44.27,44.26,44.26,650
11021650,44.27,44.27,44.25,44.25,1485
11021655,44.25,44.28,44.25,44.26,7745
11030900,44.38,44.41,44.37,44.41,19095
11030905,44.44,44.49,44.41,44.47,26759
11030910,44.47,44.57,44.47,44.55,39457
11030915,44.56,44.57,44.53,44.55,50440
11030920,44.55,44.55,44.52,44.52,17345
11030925,44.52,44.53,44.49,44.5,18880
11030930,44.5,44.5,44.46,44.49,10145
11030935,44.48,44.48,44.46,44.47,8770
11030940,44.47,44.52,44.47,44.49,9635
11030945,44.48,44.53,44.3,44.52,1017513
11030950,44.53,44.57,44.44,44.5,596959
11030955,44.51,44.54,44.46,44.49,330113
11031000,44.49,44.52,44.44,44.5,275428
11031005,44.5,44.51,44.4,44.4,228147
11031010,44.4,44.48,44.3,44.43,226499
11031015,44.43,44.46,44.3,44.46,248775
11031020,44.45,44.46,44.42,44.46,120278
11031025,44.46,44.57,44.46,44.49,339775
11031030,44.49,44.51,44.43,44.43,177139
11031035,44.43,44.46,44.39,44.44,189822
11031040,44.44,44.46,44.39,44.4,147761
11031045,44.4,44.45,44.3,44.41,137658
11031050,44.42,44.44,44.3,44.39,165351
11031055,44.39,44.4,44.26,44.28,371012
11031100,44.28,44.32,44.16,44.29,209862
11031105,44.29,44.36,44.29,44.34,124904
11031110,44.34,44.34,44.28,44.28,141023
11031115,44.29,44.35,44.27,44.33,112089
11031120,44.33,44.35,44.29,44.3,76537
11031125,44.3,44.3,44.16,44.23,232208
11031130,44.23,44.25,44.18,44.22,197412
11031135,44.22,44.27,44.2,44.23,158233
11031140,44.23,44.24,44.15,44.18,231682
11031145,44.18,44.21,44.15,44.18,139956
11031150,44.18,44.24,44.17,44.24,118916
11031155,44.24,44.27,44.22,44.24,86478
11031200,44.24,44.26,44.22,44.25,72230
11031205,44.25,44.26,44.22,44.23,67314
11031210,44.22,44.26,44.2,44.23,82427
11031215,44.22,44.23,44.15,44.17,111773
11031220,44.16,44.22,44.16,44.21,57478
11031225,44.21,44.24,44.19,44.22,62291
11031230,44.23,44.25,44.22,44.25,45314
11031235,44.25,44.28,44.22,44.23,79098
11031240,44.23,44.27,44.22,44.25,60429
11031245,44.25,44.32,44.16,44.31,102084
11031250,44.31,44.31,44.24,44.28,81294
11031255,44.28,44.31,44.16,44.28,79168
11031300,44.28,44.3,44.16,44.27,37091
11031305,44.27,44.32,44.16,44.32,74384
11031310,44.33,44.36,44.32,44.33,120268
11031315,44.34,44.39,44.34,44.36,192403
11031320,44.37,44.38,44.32,44.33,128039
11031325,44.33,44.35,44.31,44.35,57922
11031330,44.35,44.36,44.3,44.31,86073
11031335,44.31,44.33,44.16,44.28,161463
11031340,44.28,44.32,44.16,44.29,61270
11031345,44.29,44.3,44.16,44.29,43777
11031350,44.29,44.29,44.23,44.26,90617
11031355,44.26,44.29,44.16,44.28,57091
11031400,44.28,44.32,44.27,44.32,53052
11031405,44.32,44.34,44.3,44.34,75773
11031410,44.33,44.34,44.29,44.3,50732
11031415,44.3,44.34,44.29,44.33,88441
11031420,44.33,44.36,44.3,44.36,158263
11031425,44.36,44.36,44.17,44.26,140432
11031430,44.27,44.49,44.16,44.45,697532
11031435,44.46,44.59,44.22,44.32,807015
11031440,44.33,44.36,44.15,44.18,488953
11031445,44.19,44.34,44.08,44.26,509157
11031450,44.26,44.46,44.12,44.45,418327
11031455,44.44,44.55,44.35,44.55,414046
11031500,44.55,44.59,44.44,44.52,317936
11031505,44.52,44.61,44.44,44.57,365917
11031510,44.57,44.64,44.53,44.57,358723
11031515,44.57,44.65,44.56,44.63,402752
11031520,44.62,44.65,44.59,44.63,319825
11031525,44.63,44.66,44.6,44.63,313391
11031530,44.62,44.7,44.62,44.68,336678
11031535,44.68,44.68,44.6,44.64,254425
11031540,44.64,44.65,44.59,44.6,201142
11031545,44.61,44.63,44.51,44.55,282079
11031550,44.54,44.61,44.53,44.58,276453
11031555,44.59,44.62,44.55,44.6,264732
11031600,44.6,44.65,44.58,44.65,372268
11031605,44.65,44.68,44.61,44.65,380681
11031610,44.65,44.68,44.64,44.66,592071
11031615,44.66,44.71,44.66,44.69,240284
11031620,44.7,44.71,44.69,44.71,5984
11031625,44.7,44.74,44.7,44.73,20260
11031630,44.72,44.75,44.69,44.75,14940
11031635,44.75,44.77,44.75,44.77,16715
11031640,44.76,44.77,44.74,44.76,13011
11031645,44.75,44.76,44.75,44.75,1780
11031650,44.75,44.75,44.73,44.74,8575
11031655,44.74,44.75,44.74,44.74,3347
11040900,45.11,45.11,45.1,45.11,3785
11040905,45.11,45.16,45.1,45.16,17443
11040910,45.15,45.18,45.13,45.14,23834
11040915,45.14,45.16,45.13,45.15,8792
11040920,45.15,45.15,45.09,45.1,30313
11040925,45.11,45.11,45.08,45.09,5270
11040930,45.1,45.14,45.09,45.12,9059
11040935,45.13,45.13,45.11,45.12,3965
11040940,45.12,45.13,45.07,45.08,47986
11040945,45.07,45.14,45.0,45.14,1095450
11040950,45.14,45.25,45.08,45.24,809161
11040955,45.24,45.38,45.16,45.3,693420
11041000,45.3,45.31,45.16,45.28,460136
11041005,45.28,45.37,45.16,45.31,415429
11041010,45.31,45.33,45.29,45.32,232820
11041015,45.32,45.34,45.18,45.21,439530
11041020,45.21,45.23,45.17,45.21,266425
11041025,45.21,45.26,45.19,45.26,224661
11041030,45.26,45.3,45.16,45.27,263451
11041035,45.27,45.3,45.16,45.29,306961
11041040,45.29,45.31,45.25,45.27,228830
11041045,45.27,45.33,45.26,45.33,234447
11041050,45.33,45.36,45.31,45.34,231605
11041055,45.34,45.42,45.34,45.42,550455
11041100,45.42,45.54,45.3,45.54,657265
11041105,45.54,45.64,45.48,45.59,805606
11041110,45.6,45.69,45.58,45.67,634592
11041115,45.67,45.74,45.59,45.72,911113
11041120,45.72,45.72,45.52,45.53,792046
11041125,45.53,45.64,45.44,45.59,438268
11041130,45.59,45.6,45.44,45.57,276785
11041135,45.56,45.57,45.54,45.55,189890
11041140,45.56,45.57,45.44,45.54,266284
11041145,45.55,45.61,45.54,45.61,245011
11041150,45.61,45.62,45.44,45.56,196387
11041155,45.55,45.57,45.51,45.53,215853
11041200,45.53,45.54,45.49,45.51,176139
11041205,45.51,45.71,45.5,45.52,172521
11041210,45.52,45.53,45.5,45.52,137095
11041215,45.51,45.52,45.46,45.46,243074
11041220,45.47,45.49,45.3,45.48,295680
11041225,45.47,45.49,45.45,45.48,182584
11041230,45.48,45.48,45.43,45.45,138880
11041235,45.46,45.49,45.43,45.49,128215
11041240,45.49,45.5,45.45,45.46,122006
11041245,45.46,45.54,45.46,45.52,136853
11041250,45.52,45.54,45.5,45.53,122322
11041255,45.54,45.55,45.49,45.51,172835
11041300,45.51,45.53,45.44,45.44,172686
11041305,45.45,45.49,45.44,45.47,97916
11041310,45.47,45.51,45.47,45.51,82901
11041315,45.51,45.52,45.48,45.52,122842
11041320,45.52,45.57,45.52,45.55,180121
11041325,45.55,45.56,45.51,45.52,96072
11041330,45.52,45.56,45.5,45.51,86722
11041335,45.52,45.55,45.51,45.55,81575
11041340,45.55,45.56,45.54,45.55,80851
11041345,45.54,45.56,45.5,45.51,148166
11041350,45.51,45.52,45.48,45.5,103413
11041355,45.49,45.54,45.49,45.53,81029
11041400,45.53,45.54,45.48,45.53,142578
11041405,45.52,45.54,45.49,45.49,96886
11041410,45.49,45.51,45.44,45.44,159138
11041415,45.44,45.47,45.3,45.42,231249
11041420,45.42,45.45,45.3,45.43,175517
11041425,45.43,45.5,45.43,45.48,159257
11041430,45.49,45.51,45.47,45.49,122564
11041435,45.49,45.52,45.46,45.48,140689
11041440,45.48,45.49,45.44,45.48,106510
11041445,45.48,45.5,45.47,45.5,91602
11041450,45.49,45.54,45.49,45.53,127340
11041455,45.53,45.54,45.49,45.5,200695
11041500,45.5,45.51,45.44,45.46,152641
11041505,45.46,45.48,45.45,45.47,65756
11041510,45.47,45.5,45.46,45.46,79454
11041515,45.46,45.5,45.45,45.5,115643
11041520,45.49,45.52,45.3,45.43,297440
11041525,45.42,45.44,45.38,45.41,263605
11041530,45.41,45.41,45.33,45.34,324278
11041535,45.34,45.38,45.29,45.36,339454
11041540,45.36,45.45,45.3,45.43,304209
11041545,45.43,45.44,45.3,45.42,165187
11041550,45.41,45.45,45.3,45.38,230952
11041555,45.38,45.41,45.35,45.37,243278
11041600,45.37,45.39,45.16,45.29,461273
11041605,45.28,45.39,45.27,45.39,354430
11041610,45.39,45.43,45.37,45.39,579729
11041615,45.38,45.48,45.34,45.4,924600
11041620,45.4,45.4,45.36,45.38,10012
11041625,45.37,45.47,45.37,45.41,14468
11041630,45.39,45.4,45.38,45.39,13261
11041635,45.38,45.4,45.31,45.35,14750
11041640,45.34,45.34,45.26,45.3,27458
11041645,45.3,45.31,45.3,45.31,33973
11041650,45.31,45.31,45.26,45.26,15387
11041655,45.25,45.27,45.24,45.26,7801
11050900,45.51,45.52,45.42,45.43,16563
11050905,45.44,45.46,45.42,45.43,8810
11050910,45.43,45.46,45.4,45.4,11676
11050915,45.4,45.43,45.4,45.43,6213
11050920,45.43,45.44,45.42,45.42,2900
11050925,45.42,45.43,45.4,45.42,6339
11050930,45.41,45.42,45.37,45.41,2670
11050935,45.37,45.42,45.37,45.41,2050
11050940,45.39,45.45,45.39,45.43,7346
11050945,45.41,45.55,45.3,45.53,703633
11050950,45.54,45.65,45.44,45.54,734970
11050955,45.54,45.56,45.36,45.37,395647
11051000,45.37,45.47,45.37,45.38,281368
11051005,45.4,45.49,45.3,45.49,318318
11051010,45.49,45.57,45.44,45.45,326726
11051015,45.44,45.5,45.3,45.42,168014
11051020,45.42,45.49,45.4,45.46,191067
11051025,45.46,45.53,45.43,45.49,294201
11051030,45.49,45.49,45.43,45.43,149062
11051035,45.43,45.45,45.43,45.45,35053
11051040,45.45,45.47,45.41,45.43,143228
11051045,45.44,45.46,45.42,45.44,121560
11051050,45.44,45.49,45.44,45.47,174360
11051055,45.47,45.51,45.44,45.51,144117
11051100,45.5,45.58,45.44,45.53,340718
11051105,45.53,45.57,45.5,45.53,183734
11051110,45.53,45.57,45.46,45.46,125308
11051115,45.46,45.48,45.43,45.43,130153
11051120,45.43,45.44,45.3,45.43,195956
11051125,45.43,45.45,45.4,45.43,94374
11051130,45.42,45.48,45.39,45.44,121009
11051135,45.44,45.47,45.43,45.43,55581
11051140,45.43,45.44,45.42,45.43,11491
11051145,45.43,45.48,45.42,45.45,108857
11051150,45.45,45.45,45.3,45.42,153270
11051155,45.42,45.43,45.38,45.4,107901
11051200,45.4,45.43,45.38,45.4,96521
11051205,45.4,45.43,45.37,45.41,99413
11051210,45.4,45.41,45.36,45.37,101463
11051215,45.36,45.39,45.34,45.39,124869
11051220,45.39,45.42,45.38,45.42,86310
11051225,45.42,45.43,45.3,45.4,66831
11051230,45.4,45.44,45.3,45.41,90087
11051235,45.41,45.41,45.37,45.39,62212
11051240,45.39,45.42,45.39,45.39,61959
11051245,45.4,45.45,45.37,45.44,93306
11051250,45.42,45.45,45.41,45.45,64647
11051255,45.44,45.46,45.42,45.42,65384
11051300,45.43,45.45,45.3,45.44,38247
11051305,45.44,45.45,45.41,45.44,48947
11051310,45.44,45.45,45.43,45.45,26111
11051315,45.45,45.46,45.44,45.46,80455
11051320,45.46,45.48,45.45,45.47,72297
11051325,45.47,45.5,45.47,45.49,129145
11051330,45.49,45.51,45.48,45.5,80894
11051335,45.5,45.51,45.48,45.48,48811
11051340,45.49,45.5,45.48,45.49,45154
11051345,45.49,45.5,45.48,45.49,83759
11051350,45.49,45.49,45.47,45.48,47739
11051355,45.48,45.5,45.47,45.49,25178
11051400,45.48,45.48,45.46,45.46,43482
11051405,45.46,45.48,45.44,45.46,75908
11051410,45.46,45.47,45.44,45.47,39217
11051415,45.46,45.48,45.43,45.43,77344
11051420,45.43,45.45,45.3,45.43,79023
11051425,45.43,45.44,45.3,45.41,74955
11051430,45.41,45.41,45.34,45.35,213667
11051435,45.35,45.38,45.3,45.36,153311
11051440,45.36,45.37,45.32,45.36,94535
11051445,45.35,45.4,45.34,45.38,115289
11051450,45.39,45.43,45.39,45.4,94048
11051455,45.41,45.44,45.3,45.42,90618
11051500,45.43,45.45,45.41,45.42,73964
11051505,45.42,45.44,45.3,45.42,58668
11051510,45.42,45.42,45.4,45.41,60867
11051515,45.41,45.42,45.38,45.41,110935
11051520,45.41,45.44,45.3,45.41,78564
11051525,45.41,45.43,45.3,45.38,101657
11051530,45.38,45.41,45.36,45.4,77779
11051535,45.4,45.4,45.36,45.38,101401
11051540,45.38,45.41,45.36,45.4,202055
11051545,45.39,45.41,45.37,45.39,183933
11051550,45.38,45.39,45.33,45.33,198485
11051555,45.33,45.34,45.31,45.31,48930
11051600,45.29,45.38,45.28,45.37,302556
11051605,45.37,45.41,45.37,45.39,259912
11051610,45.39,45.39,45.16,45.28,765821
11051615,45.29,45.3,45.22,45.26,467809
11051620,45.26,45.33,45.25,45.31,19853
11051625,45.31,45.35,45.29,45.32,64971
11051630,45.32,45.32,45.29,45.32,2738
11051635,45.31,45.33,45.31,45.31,5267
11051640,45.32,45.32,45.31,45.32,2128
11051650,45.32,45.32,45.32,45.32,1900
11051655,45.32,45.33,45.32,45.33,1100
11080900,45.4,45.41,45.38,45.38,500
11080905,45.38,45.38,45.35,45.38,3925
11080910,45.39,45.4,45.38,45.4,2171
11080915,45.4,45.4,45.38,45.39,6065
11080920,45.38,45.42,45.38,45.42,7296
11080925,45.4,45.42,45.4,45.42,4950
11080930,45.41,45.41,45.4,45.4,1450
11080935,45.4,45.4,45.37,45.4,3018
11080940,45.39,45.39,45.36,45.36,8450
11080945,45.36,45.39,45.25,45.37,406109
11080950,45.37,45.51,45.3,45.49,472806
11080955,45.49,45.61,45.44,45.5,601939
11081000,45.5,45.56,45.45,45.46,204708
11081005,45.47,45.48,45.3,45.42,263667
11081010,45.42,45.45,45.4,45.43,128853
11081015,45.43,45.52,45.3,45.49,256769
11081020,45.49,45.58,45.44,45.51,285451
11081025,45.51,45.57,45.5,45.56,137812
11081030,45.56,45.63,45.44,45.6,362035
11081035,45.6,45.64,45.58,45.59,127861
11081040,45.62,45.64,45.59,45.6,164183
11081045,45.59,45.68,45.44,45.56,199890
11081050,45.56,45.61,45.44,45.59,136879
11081055,45.59,45.61,45.56,45.59,95018
11081100,45.59,45.66,45.59,45.65,177816
11081105,45.65,45.65,45.59,45.61,76416
11081110,45.61,45.61,45.44,45.57,114584
11081115,45.58,45.59,45.52,45.56,120960
11081120,45.56,45.59,45.44,45.57,154531
11081125,45.57,45.59,45.44,45.55,107046
11081130,45.54,45.56,45.52,45.55,77402
11081135,45.55,45.58,45.44,45.57,74407
11081140,45.57,45.57,45.57,45.57,833
11081145,45.57,45.59,45.44,45.58,73284
11081150,45.58,45.59,45.44,45.56,58557
11081155,45.56,45.56,45.54,45.55,31806
11081200,45.55,45.56,45.54,45.56,27259
11081205,45.55,45.56,45.54,45.56,36558
11081210,45.56,45.56,45.54,45.56,16501
11081215,45.56,45.57,45.54,45.55,31024
11081220,45.55,45.56,45.53,45.53,53703
11081225,45.54,45.56,45.54,45.56,32485
11081230,45.55,45.57,45.44,45.57,42895
11081235,45.57,45.61,45.44,45.56,98490
11081240,45.56,45.6,45.55,45.58,68097
11081245,45.59,45.6,45.57,45.6,51989
11081250,45.6,45.6,45.57,45.58,29820
11081255,45.58,45.59,45.44,45.59,69232
11081300,45.58,45.59,45.57,45.57,27254
11081305,45.58,45.58,45.56,45.56,47502
11081310,45.56,45.59,45.55,45.57,42272
11081315,45.58,45.58,45.58,45.58,1000
11081320,45.57,45.57,45.44,45.56,21145
11081325,45.57,45.59,45.44,45.59,63007
11081330,45.58,45.6,45.44,45.44,50358
11081335,45.57,45.6,45.44,45.59,57629
11081340,45.59,45.61,45.44,45.57,61843
11081345,45.57,45.59,45.57,45.57,29071
11081350,45.56,45.6,45.55,45.56,79715
11081355,45.56,45.56,45.53,45.54,84375
11081400,45.54,45.56,45.53,45.55,34674
11081405,45.56,45.56,45.53,45.55,22758
11081410,45.55,45.56,45.53,45.55,29175
11081415,45.55,45.57,45.55,45.56,49213
11081420,45.56,45.58,45.44,45.57,49245
11081425,45.57,45.57,45.44,45.55,35099
11081430,45.55,45.58,45.44,45.58,37448
11081435,45.57,45.58,45.44,45.58,48129
11081440,45.44,45.58,45.44,45.55,44835
11081445,45.55,45.56,45.52,45.52,90070
11081450,45.52,45.54,45.52,45.54,12925
11081455,45.55,45.56,45.54,45.55,30524
11081500,45.55,45.57,45.53,45.54,38822
11081505,45.54,45.55,45.53,45.55,34394
11081510,45.55,45.55,45.51,45.52,95513
11081515,45.52,45.55,45.51,45.54,54358
11081520,45.54,45.54,45.53,45.54,10810
11081525,45.52,45.55,45.51,45.52,85178
11081530,45.53,45.55,45.52,45.54,60282
11081535,45.54,45.58,45.44,45.57,126469
11081540,45.57,45.58,45.44,45.57,73366
11081545,45.57,45.64,45.57,45.61,216122
11081550,45.61,45.63,45.58,45.6,101865
11081555,45.6,45.62,45.57,45.61,117961
11081600,45.61,45.62,45.57,45.58,146355
11081605,45.58,45.59,45.52,45.55,273251
11081610,45.54,45.55,45.48,45.52,528207
11081615,45.52,45.55,45.48,45.54,582549
11081620,45.54,45.57,45.53,45.54,14487
11081625,45.54,45.54,45.54,45.54,200
11081630,45.51,45.54,45.51,45.54,3561
11081635,45.53,45.53,45.49,45.5,4841
11081640,45.5,45.54,45.5,45.53,5244
11081645,45.54,45.54,45.5,45.51,140566
11081650,45.52,45.52,45.5,45.52,1160
